商品ＣＤ,等級ＣＤ,階級ＣＤ,荷印ＣＤ,荷印名,商品分類１担当者ＣＤ,商品分類２,商品分類３,目標達成区分,前日在庫数量,前日在庫単価,前日在庫金額,前月在庫数量,前月在庫金額,当日在庫数量,当日在庫単価,当日在庫金額,粗利計算用平均単価
104,0,0,5106,        ,1,1,1,  ,0,0,0,0,0,0,0,0,0
104,4,46,5134,        ,1,1,1,  ,0,4600.0000,0,0,0,0,4600.0000,0,0
104,25,20,7011,        ,1,1,1,  ,0,4000.0000,0,0,0,0,4000.0000,0,0
104,25,22,7011,        ,1,1,1,  ,3.00,3700.0000,11100.0000,0,0,0,3700.0000,0,0
104,25,24,7011,        ,1,1,1,  ,51.00,4260.7843,217299.9993,0,0,0,4260.7843,0,0
104,25,28,7011, ｺｳ     ,1,1,1,  ,37.00,6000.0000,222000.0000,0,0,0,6000.0000,0,0
104,25,40,5123,        ,1,1,1,  ,0,0,0,0,0,0,0,0,0
104,25,46,5123,        ,1,1,1,  ,0,0,0,0,0,0,0,0,0
104,25,46,7011, ｺｳ     ,1,1,1,  ,6.00,6000.0000,36000.0000,0,0,0,6000.0000,0,0
104,27,20,7011,        ,1,1,1,  ,0,3600.0000,0,0,0,0,3600.0000,0,0
104,27,22,7011,        ,1,1,1,  ,0,4180.0000,0,0,0,0,4180.0000,0,0
104,27,24,7011,        ,1,1,1,  ,15.00,3994.7367,59921.0505,0,0,0,3994.7367,0,0
104,27,24,7011, ｺｳ     ,1,1,1,  ,5.00,4500.0000,22500.0000,0,0,0,4500.0000,0,0
104,27,26,7011,        ,1,1,1,  ,11.00,4264.3356,46907.6916,0,0,0,4264.3356,0,0
104,27,26,7011, ｺｳ     ,1,1,1,  ,4.00,5000.0000,20000.0000,0,0,0,5000.0000,0,0
104,27,28,7011,        ,1,1,1,  ,2.00,4300.0000,8600.0000,0,0,0,4300.0000,0,0
104,27,32,7011,        ,1,1,1,  ,1.00,5437.5000,5437.5000,0,0,0,5437.5000,0,0
104,27,32,7011, ｺｳ     ,1,1,1,  ,11.00,5551.6666,61068.3326,0,0,0,5551.6666,0,0
104,27,36,7011, ｺｳ     ,1,1,1,  ,8.00,5700.0000,45600.0000,0,0,0,5700.0000,0,0
104,27,40,7011, ｺｳ     ,1,1,1,  ,94.00,5672.1878,533185.6532,0,0,0,5672.1878,0,0
104,27,46,7011,        ,1,1,1,  ,0,5000.0000,0,0,0,0,5000.0000,0,0
104,27,46,7011, ｺｳ     ,1,1,1,  ,1.00,5500.0000,5500.0000,0,0,0,5500.0000,0,0
104,56,26,5106,        ,1,1,1,  ,2.00,4500.0000,9000.0000,0,0,0,4500.0000,0,0
104,56,28,5106,        ,1,1,1,  ,0,4847.8260,0,0,0,0,4847.8260,0,0
104,56,32,5106,        ,1,1,1,  ,12.00,5063.9999,60767.9988,0,0,0,5063.9999,0,0
104,56,46,5106,        ,1,1,1,  ,0,4800.0000,0,0,0,0,4800.0000,0,0
104,57,26,5106,        ,1,1,1,  ,3.00,5000.0000,15000.0000,0,0,0,5000.0000,0,0
104,57,28,5106,        ,1,1,1,  ,0,5300.0000,0,0,0,0,5300.0000,0,0
104,57,32,5106,        ,1,1,1,  ,0,5500.0000,0,0,0,0,5500.0000,0,0
104,510,22,5115,        ,1,1,1,  ,0,3633.3333,0,0,0,0,3633.3333,0,0
104,510,24,5115,        ,1,1,1,  ,3.00,4000.0000,12000.0000,0,0,0,4000.0000,0,0
104,510,26,5115,        ,1,1,1,  ,9.00,4242.8262,38185.4358,0,0,0,4242.8262,0,0
104,510,28,5115,        ,1,1,1,  ,0,4323.3510,0,0,0,0,4323.3510,0,0
104,510,32,5115,        ,1,1,1,  ,71.00,4925.5648,349715.1008,0,0,0,4925.5648,0,0
104,540,28,5115,        ,1,1,1,  ,11.00,4800.0000,52800.0000,0,0,0,4800.0000,0,0
104,540,46,5115,        ,1,1,1,  ,0,0,0,0,0,0,0,0,0
104,548,22,5106,        ,1,1,1,  ,0,3500.0000,0,0,0,0,3500.0000,0,0
104,548,24,5106,        ,1,1,1,  ,0,3600.0000,0,0,0,0,3600.0000,0,0
104,548,26,5106,        ,1,1,1,  ,0,3800.0000,0,0,0,0,3800.0000,0,0
104,548,28,5106,        ,1,1,1,  ,0,4000.0000,0,0,0,0,4000.0000,0,0
104,548,32,5106,        ,1,1,1,  ,0,4200.0000,0,0,0,0,4200.0000,0,0
105,0,0,    ,        ,1,1,1,  ,0,0,0,0,0,0,0,0,0
105,0,0,5000, 3X12   ,1,1,1,  ,20.00,4200.0000,84000.0000,0,0,0,4200.0000,0,0
105,0,0,5115, 6X9    ,1,1,1,  ,0,0,0,0,0,0,0,0,0
105,0,0,7011,        ,1,1,1,  ,0,0,0,0,0,0,0,0,0
105,2,28,5115,        ,1,1,1,  ,0,4218.0449,0,0,0,0,4218.0449,0,0
105,4,46,5134,        ,1,1,1,  ,0,4000.0000,0,22.00,88000,0,4000.0000,0,0
105,5,46,5117,        ,1,1,1,  ,0,3600.0000,0,0,0,0,3600.0000,0,0
105,6,40,5117,        ,1,1,1,  ,0,3500.0000,0,0,0,0,3500.0000,0,0
105,12,28,5123,        ,1,1,1,  ,6.00,3800.0000,22800.0000,6.00,22800,0,3800.0000,0,0
105,12,32,5123,        ,1,1,1,  ,0,4000.0000,0,0,0,0,4000.0000,0,0
105,12,40,5123,        ,1,1,1,  ,0,3800.0000,0,40.00,152000,0,3800.0000,0,0
105,25,20,7011,        ,1,1,1,  ,0,4000.0000,0,0,0,0,4000.0000,0,0
105,25,22,5107,        ,1,1,1,  ,0,3700.0000,0,3.00,11100,0,3700.0000,0,0
105,25,22,7011,        ,1,1,1,  ,0,4300.0000,0,0,0,0,4300.0000,0,0
105,25,24,5107,        ,1,1,1,  ,0,3700.0000,0,1.00,3700,0,3700.0000,0,0
105,25,24,7011,        ,1,1,1,  ,0,4300.0000,0,0,0,0,4300.0000,0,0
105,25,26,7011,        ,1,1,1,  ,0,4449.9999,0,0,0,0,4449.9999,0,0
105,25,28,7011, ｺｳ     ,1,1,1,  ,0,0,0,0,0,0,0,0,0
105,25,36,7011, ｺｳ     ,1,1,1,  ,0,6555.5555,0,0,0,0,6555.5555,0,0
105,25,46,5107,        ,1,1,1,  ,0,3800.0000,0,0,0,0,3800.0000,0,0
105,25,46,7011, ｺｳ     ,1,1,1,  ,0,5202.5973,0,0,0,0,5202.5973,0,0
105,27,24,7011, ｺｳ     ,1,1,1,  ,0,4200.0000,0,0,0,0,4200.0000,0,0
105,27,26,7011,        ,1,1,1,  ,0,3600.0000,0,0,0,0,3600.0000,0,0
105,27,26,7011, ｺｳ     ,1,1,1,  ,0,4500.0000,0,25.00,112500,0,4500.0000,0,0
105,27,28,7011, ｺｳ     ,1,1,1,  ,0,4887.4427,0,41.00,200385,0,4887.4427,0,0
105,27,32,7011,        ,1,1,1,  ,0,4288.9423,0,0,0,0,4288.9423,0,0
105,27,32,7011, ｺｳ     ,1,1,1,  ,0,4869.3286,0,13.00,63301,0,4869.3286,0,0
105,27,36,7011, ｺｳ     ,1,1,1,  ,0,5300.0000,0,2.00,10600,0,5300.0000,0,0
105,27,40,7011, ｺｳ     ,1,1,1,  ,0,4626.9641,0,31.00,143435,0,4626.9641,0,0
105,27,46,7011,        ,1,1,1,  ,0,3700.0000,0,0,0,0,3700.0000,0,0
105,27,46,7011, ｺｳ     ,1,1,1,  ,0,4500.0000,0,0,0,0,4500.0000,0,0
105,47,46,5112,        ,1,1,1,  ,0,4200.0000,0,0,0,0,4200.0000,0,0
105,48,32,5100,        ,1,1,1,  ,0,4500.0000,0,0,0,0,4500.0000,0,0
105,66,0,5100,        ,1,1,1,  ,0,1000.0000,0,0,0,0,1000.0000,0,0
105,91,46,5127,        ,1,1,1,  ,0,0,0,0,0,0,0,0,0
105,510,22,5115,        ,1,1,1,  ,0,4000.0000,0,2.00,7200,0,4000.0000,0,0
105,510,24,5115,        ,1,1,1,  ,0,4200.0000,0,8.00,30400,0,4200.0000,0,0
105,510,26,5115,        ,1,1,1,  ,3.00,3765.3061,11295.9183,40.00,144000,0,3765.3061,0,0
105,510,28,5115,        ,1,1,1,  ,4.00,4243.4782,16973.9128,21.00,84000,0,4243.4782,0,0
105,510,32,5115,        ,1,1,1,  ,0,5000.0000,0,85.00,368061,0,5000.0000,0,0
105,540,22,5115,        ,1,1,1,  ,0,3800.0000,0,2.00,7600,0,3800.0000,0,0
105,540,24,5115,        ,1,1,1,  ,0,4200.0000,0,1.00,4000,0,4200.0000,0,0
105,540,26,5115,        ,1,1,1,  ,0,5000.0000,0,20.00,86050,0,5000.0000,0,0
105,540,28,5115,        ,1,1,1,  ,0,5346.4433,0,18.00,83337,0,5346.4433,0,0
105,540,32,5115,        ,1,1,1,  ,0,4553.3840,0,0,0,0,4553.3840,0,0
105,540,36,5115,        ,1,1,1,  ,0,0,0,0,0,0,0,0,0
105,540,46,5115,        ,1,1,1,  ,0,5000.0000,0,0,0,0,5000.0000,0,0
105,542,40,5101,        ,1,1,1,  ,0,3600.0000,0,0,0,0,3600.0000,0,0
105,545,28,5100,        ,1,1,1,  ,0,5612.5000,0,0,0,0,5612.5000,0,0
105,545,32,5100,        ,1,1,1,  ,0,4800.0000,0,0,0,0,4800.0000,0,0
105,546,24,5101,        ,1,1,1,  ,0,3800.0000,0,0,0,0,3800.0000,0,0
105,546,26,5101,        ,1,1,1,  ,0,3800.0000,0,17.00,64600,0,3800.0000,0,0
105,546,28,5101,        ,1,1,1,  ,0,4000.0000,0,56.00,224000,0,4000.0000,0,0
105,546,32,5101,        ,1,1,1,  ,0,4300.0000,0,21.00,90300,0,4300.0000,0,0
105,546,46,5101,        ,1,1,1,  ,0,4200.0000,0,19.00,79800,0,4200.0000,0,0
105,551,28,7008,        ,1,1,1,  ,0,4000.0000,0,0,0,0,4000.0000,0,0
105,551,32,7008,        ,1,1,1,  ,0,4100.0000,0,0,0,0,4100.0000,0,0
105,554,32,5147,        ,1,1,1,  ,0,4200.0000,0,0,0,0,4200.0000,0,0
105,554,46,5147,        ,1,1,1,  ,0,3600.0000,0,0,0,0,3600.0000,0,0
105,573,32,5127,        ,1,1,1,  ,0,4500.0000,0,0,0,0,4500.0000,0,0
105,601,0,5000,        ,1,1,1,  ,0,4960.0000,0,0,0,0,4960.0000,0,0
105,621,0,7003,        ,1,1,1,  ,0,2400.0000,0,0,0,0,2400.0000,0,0
105,621,0,9999,ﾏﾙﾋﾃﾞ   ,1,1,1,  ,0,2400.0000,0,4.00,9600,0,2400.0000,0,0
105,622,0,5115,        ,1,1,1,  ,0,3500.0000,0,0,0,0,3500.0000,0,0
105,622,0,7013,        ,1,1,1,  ,54.00,3800.0000,205200.0000,0,0,0,3800.0000,0,0
108,2,36,5100,        ,1,1,1,  ,0,4200.0000,0,0,0,0,4200.0000,0,0
108,2,40,5100,        ,1,1,1,  ,0,4700.0000,0,0,0,0,4700.0000,0,0
108,5,32,5148,        ,1,1,1,  ,0,3800.0000,0,0,0,0,3800.0000,0,0
108,5,36,5148,        ,1,1,1,  ,0,4500.0000,0,0,0,0,4500.0000,0,0
108,15,32,5115,        ,1,1,1,  ,0,4200.0000,0,0,0,0,4200.0000,0,0
108,25,36,5100,        ,1,1,1,  ,0,4000.0000,0,0,0,0,4000.0000,0,0
108,25,40,5100,        ,1,1,1,  ,0,4500.0000,0,0,0,0,4500.0000,0,0
108,540,32,5115,        ,1,1,1,  ,0,3500.0000,0,0,0,0,3500.0000,0,0
108,540,36,5115,        ,1,1,1,  ,0,4000.0000,0,0,0,0,4000.0000,0,0
108,540,46,5115,        ,1,1,1,  ,0,5000.0000,0,1.00,5000,0,5000.0000,0,0
113,2,28,5100,        ,1,1,1,  ,0,4750.0000,0,0,0,0,4750.0000,0,0
113,2,46,5100,        ,1,1,1,  ,0,4760.0000,0,0,0,0,4760.0000,0,0
113,2,46,5101,        ,1,1,1,  ,0,4200.0000,0,0,0,0,4200.0000,0,0
113,2,46,7001,        ,1,1,1,  ,0,4250.0000,0,0,0,0,4250.0000,0,0
113,5,28,5102,        ,1,1,1,  ,0,4004.3633,0,0,0,0,4004.3633,0,0
113,5,32,5102,        ,1,1,1,  ,0,4000.0000,0,0,0,0,4000.0000,0,0
113,5,32,5107,        ,1,1,1,  ,0,3300.0000,0,0,0,0,3300.0000,0,0
113,5,32,5117,        ,1,1,1,  ,0,3000.0000,0,16.00,48000,0,3000.0000,0,0
113,5,36,5117,        ,1,1,1,  ,0,3000.0000,0,24.00,72000,0,3000.0000,0,0
113,6,32,5101,        ,1,1,1,  ,35.00,4200.0000,147000.0000,0,0,0,4200.0000,0,0
113,25,24,5100,        ,1,1,1,  ,0,3750.0000,0,1.00,3750,0,3750.0000,0,0
113,25,24,7011, ｺｳ     ,1,1,1,  ,5.00,4000.0000,20000.0000,0,0,0,4000.0000,0,0
113,25,26,5100,        ,1,1,1,  ,0,4000.0000,0,11.00,44000,0,4000.0000,0,0
113,25,26,7011, ｺｳ     ,1,1,1,  ,0,4300.0000,0,0,0,0,4300.0000,0,0
113,25,28,5100,        ,1,1,1,  ,0,4600.0000,0,18.00,82800,0,4600.0000,0,0
113,25,28,7011, ｺｳ     ,1,1,1,  ,0,4800.0000,0,13.00,58920,0,4800.0000,0,0
113,25,32,5100,        ,1,1,1,  ,0,5000.0000,0,0,0,0,5000.0000,0,0
113,25,46,5100,        ,1,1,1,  ,0,4582.0105,0,13.00,54166,0,4582.0105,0,0
113,25,46,7011, ｺｳ     ,1,1,1,  ,20.00,4365.5172,87310.3440,0,0,0,4365.5172,0,0
113,27,24,5112,        ,1,1,1,  ,0,3300.0000,0,1.00,3300,0,3300.0000,0,0
113,27,26,5112,        ,1,1,1,  ,0,3300.0000,0,0,0,0,3300.0000,0,0
113,27,28,5112,        ,1,1,1,  ,0,3500.0000,0,7.00,24500,0,3500.0000,0,0
113,27,28,7011, ｺｳ     ,1,1,1,  ,2.00,4300.0000,8600.0000,2.00,7600,0,4300.0000,0,0
113,27,32,5112,        ,1,1,1,  ,0,3800.0000,0,16.00,60800,0,3800.0000,0,0
113,27,32,7011, ｺｳ     ,1,1,1,  ,0,4300.0000,0,0,0,0,4300.0000,0,0
113,27,46,7011, ｺｳ     ,1,1,1,  ,0,4200.0000,0,0,0,0,4200.0000,0,0
113,91,24,5127,        ,1,1,1,  ,0,3700.0000,0,0,0,0,3700.0000,0,0
113,91,26,5127,        ,1,1,1,  ,0,4000.0000,0,0,0,0,4000.0000,0,0
113,91,28,5127,        ,1,1,1,  ,0,5000.0000,0,0,0,0,5000.0000,0,0
113,91,32,5127,        ,1,1,1,  ,0,4200.0000,0,0,0,0,4200.0000,0,0
113,91,46,5127,        ,1,1,1,  ,0,4700.0000,0,0,0,0,4700.0000,0,0
113,93,36,5133,        ,1,1,1,  ,0,4000.0000,0,21.00,84000,0,4000.0000,0,0
113,540,24,5115,        ,1,1,1,  ,0,3300.0000,0,2.00,6600,0,3300.0000,0,0
113,540,26,5115,        ,1,1,1,  ,13.00,3565.0000,46345.0000,15.00,52500,0,3565.0000,0,0
113,540,28,5115,        ,1,1,1,  ,25.00,4045.4545,101136.3625,44.00,171111,0,4045.4545,0,0
113,540,32,5115,        ,1,1,1,  ,40.00,3958.8145,158352.5800,39.00,163800,0,3958.8145,0,0
113,540,46,5115,        ,1,1,1,  ,0,4133.3333,0,0,0,0,4133.3333,0,0
113,546,24,5101,        ,1,1,1,  ,5.00,3100.0000,15500.0000,0,0,0,3100.0000,0,0
113,546,26,5101,        ,1,1,1,  ,33.00,3396.9696,112099.9968,0,0,0,3396.9696,0,0
113,546,28,5101,        ,1,1,1,  ,52.00,3663.1220,190482.3440,0,0,0,3663.1220,0,0
113,546,32,5101,        ,1,1,1,  ,128.00,3866.8032,494950.8096,0,0,0,3866.8032,0,0
113,573,28,5127,        ,1,1,1,  ,0,3800.0000,0,0,0,0,3800.0000,0,0
113,573,32,5127,        ,1,1,1,  ,0,4600.0000,0,0,0,0,4600.0000,0,0
113,573,46,5127,        ,1,1,1,  ,0,4000.0000,0,0,0,0,4000.0000,0,0
113,665,26,7001,        ,1,1,1,  ,0,3000.0000,0,7.00,22400,0,3000.0000,0,0
113,665,28,7001,        ,1,1,1,  ,21.00,3122.7272,65577.2712,6.00,21000,0,3122.7272,0,0
113,665,32,7001,        ,1,1,1,  ,0,3474.5454,0,11.00,44000,0,3474.5454,0,0
113,665,36,7001,        ,1,1,1,  ,4.00,3500.0000,14000.0000,4.00,14000,0,3500.0000,0,0
113,665,46,7001,        ,1,1,1,  ,0,3575.0000,0,0,0,0,3575.0000,0,0
120,2,36,7011,        ,1,1,1,  ,0,3700.0000,0,0,0,0,3700.0000,0,0
120,2,40,7011,        ,1,1,1,  ,0,3600.0000,0,0,0,0,3600.0000,0,0
120,2,40,7011, ｺｳ     ,1,1,1,  ,0,3755.5555,0,0,0,0,3755.5555,0,0
120,2,46,7011,        ,1,1,1,  ,0,3500.0000,0,0,0,0,3500.0000,0,0
120,2,46,7011, ｺｳ     ,1,1,1,  ,0,3482.9267,0,0,0,0,3482.9267,0,0
120,25,24,7011,        ,1,1,1,  ,0,3000.0000,0,1.00,3000,0,3000.0000,0,0
120,25,28,7011,        ,1,1,1,  ,0,3500.0000,0,1.00,3500,0,3500.0000,0,0
120,25,36,7011,        ,1,1,1,  ,0,3300.0000,0,0,0,0,3300.0000,0,0
120,25,40,7011,        ,1,1,1,  ,0,3300.0000,0,0,0,0,3300.0000,0,0
120,25,46,7011,        ,1,1,1,  ,0,3200.0000,0,0,0,0,3200.0000,0,0
132,0,0,5000, 3X12   ,1,1,1,  ,0,4200.0000,0,3.00,12600,0,4200.0000,0,0
132,0,0,5102,        ,1,1,1,  ,0,0,0,0,0,0,0,0,0
132,0,0,5107,        ,1,1,1,  ,0,0,0,0,0,0,0,0,0
132,2,22,5102,        ,1,1,1,  ,0,3466.6666,0,6.00,24000,0,3466.6666,0,0
132,2,24,5102,        ,1,1,1,  ,0,3811.6279,0,24.00,100800,0,3811.6279,0,0
132,2,26,5102,        ,1,1,1,  ,9.00,3952.1738,35569.5642,10.00,45000,0,3952.1738,0,0
132,2,26,7011,        ,1,1,1,  ,0,4550.0000,0,2.00,9100,0,4550.0000,0,0
132,2,26,7011, ｺｳ     ,1,1,1,  ,0,5000.0000,0,0,0,0,5000.0000,0,0
132,2,28,5102,        ,1,1,1,  ,55.00,3633.8506,199861.7830,3.00,15000,0,3633.8506,0,0
132,2,28,7011,        ,1,1,1,  ,0,5000.0000,0,1.00,5000,0,5000.0000,0,0
132,2,28,7011, ｺｳ     ,1,1,1,  ,0,5200.0000,0,2.00,10400,0,5200.0000,0,0
132,2,32,5102,        ,1,1,1,  ,115.00,3686.1018,423901.7070,0,0,0,3686.1018,0,0
132,2,40,5102,        ,1,1,1,  ,35.00,3000.0000,105000.0000,0,0,0,3000.0000,0,0
132,2,46,5102,        ,1,1,1,  ,119.00,3001.1997,357142.7643,28.00,100800,0,3001.1997,0,0
132,2,46,5107,        ,1,1,1,  ,0,3124.8976,0,0,0,0,3124.8976,0,0
132,2,46,5147,        ,1,1,1,  ,0,3500.0000,0,0,0,0,3500.0000,0,0
132,2,46,7011, ｺｳ     ,1,1,1,  ,0,4100.0000,0,0,0,0,4100.0000,0,0
132,4,40,5101,        ,1,1,1,  ,7.00,3500.0000,24500.0000,12.00,42000,0,3500.0000,0,0
132,4,46,5101,        ,1,1,1,  ,0,3700.0000,0,0,0,0,3700.0000,0,0
132,4,46,5134,        ,1,1,1,  ,0,3600.0000,0,0,0,0,3600.0000,0,0
132,6,46,5101,        ,1,1,1,  ,0,3199.9999,0,0,0,0,3199.9999,0,0
132,25,26,7011, ｺｳ     ,1,1,1,  ,0,4800.0000,0,0,0,0,4800.0000,0,0
132,25,28,7011, ｺｳ     ,1,1,1,  ,0,4721.6666,0,1.00,4916,0,4721.6666,0,0
132,25,32,7011, ｺｳ     ,1,1,1,  ,0,4400.0000,0,1.00,4400,0,4400.0000,0,0
132,25,40,7011, ｺｳ     ,1,1,1,  ,0,4200.0000,0,0,0,0,4200.0000,0,0
132,25,46,5100,        ,1,1,1,  ,5.00,3823.5293,19117.6465,24.00,91999,0,3823.5293,0,0
132,25,46,7011, ｺｳ     ,1,1,1,  ,0,4100.0000,0,2.00,8200,0,4100.0000,0,0
132,27,36,7011, ｺｳ     ,1,1,1,  ,0,3200.0000,0,6.00,19200,0,3200.0000,0,0
132,27,40,7011, ｺｳ     ,1,1,1,  ,0,3200.0000,0,0,0,0,3200.0000,0,0
132,27,46,7011, ｺｳ     ,1,1,1,  ,0,3000.0000,0,0,0,0,3000.0000,0,0
132,58,46,5130,        ,1,1,1,  ,2.00,4200.0000,8400.0000,2.00,8400,0,4200.0000,0,0
132,91,28,5127,        ,1,1,1,  ,0,4950.0000,0,0,0,0,4950.0000,0,0
132,91,46,5127,        ,1,1,1,  ,0,3621.4285,0,0,0,0,3621.4285,0,0
132,545,28,5100,        ,1,1,1,  ,0,5633.3333,0,0,0,0,5633.3333,0,0
132,545,46,5100,        ,1,1,1,  ,16.00,3800.0000,60800.0000,11.00,46200,0,3800.0000,0,0
132,621,0,5124,        ,1,1,1,  ,0,2640.0000,0,45.00,118800,0,2640.0000,0,0
134,0,6,5000,        ,1,1,0,  ,0,700.0000,0,0,0,0,700.0000,0,0
134,0,7,5000,        ,1,1,0,  ,0,700.0000,0,0,0,0,700.0000,0,0
134,2,26,5106,        ,1,1,0,  ,7.00,4400.0000,30800.0000,11.00,48400,0,4400.0000,0,0
134,2,28,5106,        ,1,1,0,  ,0,4600.0000,0,0,0,0,4600.0000,0,0
134,2,32,5106,        ,1,1,0,  ,0,4800.0000,0,0,0,0,4800.0000,0,0
134,2,32,5147,        ,1,1,0,  ,0,4000.0000,0,0,0,0,4000.0000,0,0
134,2,32,7011, ｺｳ     ,1,1,0,  ,0,4200.0000,0,0,0,0,4200.0000,0,0
134,2,46,7011, ｺｳ     ,1,1,0,  ,0,4000.0000,0,0,0,0,4000.0000,0,0
134,25,26,5100,        ,1,1,0,  ,0,3911.1111,0,9.00,35199,0,3911.1111,0,0
134,25,28,5100,        ,1,1,0,  ,0,4238.4615,0,24.00,101723,0,4238.4615,0,0
134,25,28,7011, ｺｳ     ,1,1,0,  ,3.00,3711.1111,11133.3333,0,0,0,3711.1111,0,0
134,25,32,5100,        ,1,1,0,  ,0,4300.0000,0,0,0,0,4300.0000,0,0
134,25,32,7011, ｺｳ     ,1,1,0,  ,16.00,3887.5000,62200.0000,0,0,0,3887.5000,0,0
134,25,36,7011, ｺｳ     ,1,1,0,  ,15.00,3800.0000,57000.0000,0,0,0,3800.0000,0,0
134,25,40,7011, ｺｳ     ,1,1,0,  ,5.00,3800.0000,19000.0000,0,0,0,3800.0000,0,0
134,25,46,5100,        ,1,1,0,  ,0,3700.0000,0,19.00,70300,0,3700.0000,0,0
134,25,46,7011, ｺｳ     ,1,1,0,  ,0,3800.0000,0,0,0,0,3800.0000,0,0
136,540,26,5115,        ,1,1,1,  ,5.00,4500.0000,22500.0000,0,0,0,4500.0000,0,0
136,540,28,5115,        ,1,1,1,  ,10.00,5000.0000,50000.0000,0,0,0,5000.0000,0,0
141,25,36,7011,        ,1,1,1,  ,0,4000.0000,0,0,0,0,4000.0000,0,0
160,0,0,    ,        ,2,3,0,  ,5.00,3750.0000,18750.0000,7.00,26250,0,3750.0000,0,0
160,0,0,5012, 4X14   ,2,3,0,  ,0,4720.0000,0,0,0,0,4720.0000,0,0
160,0,0,5012, 4X17   ,2,3,0,  ,0,6016.0000,0,0,0,0,6016.0000,0,0
160,0,0,8001,        ,2,3,0,  ,0,0,0,0,0,0,0,0,0
160,0,0,9003,        ,2,3,0,  ,0,0,0,0,0,0,0,0,0
160,0,0,9999,ﾙﾋﾞｰﾚｯﾄﾞ,2,3,0,  ,0,0,0,0,0,0,0,0,0
160,0,0,9999,11X6    ,2,3,0,  ,0,2520.0000,0,18.00,45360,0,2520.0000,0,0
160,0,22,8001,        ,2,3,0,  ,1.00,2230.0000,2230.0000,0,0,0,2230.0000,0,0
160,0,24,    ,        ,2,3,0,  ,0,2600.0000,0,21.00,54600,0,2600.0000,0,0
160,0,24,5012,        ,2,3,0,  ,0,2400.0000,0,0,0,0,2400.0000,0,0
160,0,25,8001,        ,2,3,0,  ,7.00,2240.0000,15680.0000,0,0,0,2240.0000,0,0
160,0,27,5600,        ,2,3,0,  ,2.00,2700.0000,5400.0000,2.00,5400,0,2700.0000,0,0
160,0,27,5734,        ,2,3,0,  ,31.00,2471.0833,76603.5823,31.00,76603,0,2471.0833,0,0
160,0,27,8001,        ,2,3,0,  ,4.00,2240.0000,8960.0000,0,0,0,2240.0000,0,0
160,0,30,8001,        ,2,3,0,  ,15.00,2200.0000,33000.0000,0,0,0,2200.0000,0,0
160,0,33,8001,        ,2,3,0,  ,0,2240.0000,0,0,0,0,2240.0000,0,0
160,0,33,8001, 10K    ,2,3,0,  ,14.00,5800.0000,81200.0000,0,0,0,5800.0000,0,0
160,0,33,9999,ﾙﾋﾞｰﾚｯﾄﾞ,2,3,0,  ,0,4800.0000,0,0,0,0,4800.0000,0,0
160,0,36,8001, 10K    ,2,3,0,  ,0,5710.0000,0,0,0,0,5710.0000,0,0
160,0,36,9999,ﾙﾋﾞｰﾚｯﾄﾞ,2,3,0,  ,0,4929.0909,0,7.00,34503,0,4929.0909,0,0
160,0,39,8001, 10K    ,2,3,0,  ,0,5980.0000,0,0,0,0,5980.0000,0,0
160,0,39,9999,ﾙﾋﾞｰﾚｯﾄﾞ,2,3,0,  ,0,5130.0000,0,4.00,20520,0,5130.0000,0,0
160,0,42,8001, 10K    ,2,3,0,  ,0,0,0,0,0,0,0,0,0
160,0,42,9999,ﾙﾋﾞｰﾚｯﾄﾞ,2,3,0,  ,0,5310.0000,0,5.00,26550,0,5310.0000,0,0
160,0,46,9999,ﾙﾋﾞｰﾚｯﾄﾞ,2,3,0,  ,0,5310.0000,0,5.00,26550,0,5310.0000,0,0
160,28,30,5012,        ,2,3,0,  ,0,2500.0000,0,0,0,0,2500.0000,0,0
160,600,0,5012,        ,2,3,0,  ,0,2090.7489,0,0,0,0,2090.7489,0,0
160,600,0,8001,        ,2,3,0,  ,30.00,1680.0000,50400.0000,0,0,0,1680.0000,0,0
160,603,0,5012,        ,2,3,0,  ,0,5020.0000,0,0,0,0,5020.0000,0,0
160,604,0,8001,        ,2,3,0,  ,3.00,5600.0000,16800.0000,0,0,0,5600.0000,0,0
160,612,0,8001,        ,2,3,0,  ,25.00,3639.3583,90983.9575,0,0,0,3639.3583,0,0
160,614,0,8001,        ,2,3,0,  ,0,5285.0000,0,0,0,0,5285.0000,0,0
168,0,0,    ,        ,2,0,0,  ,0,0,0,0,0,0,0,0,0
168,0,0,9003,        ,2,0,0,  ,0,37.0000,0,165.00,6105,0,37.0000,0,0
168,0,18,    ,        ,2,0,0,  ,0,3060.0000,0,0,0,0,3060.0000,0,0
168,0,22,    ,        ,2,0,0,  ,13.00,4000.0000,52000.0000,25.00,100000,0,4000.0000,0,0
168,0,25,    ,        ,2,0,0,  ,96.00,4150.0000,398400.0000,94.00,390100,0,4150.0000,0,0
168,0,27,    ,        ,2,0,0,  ,27.00,4170.0000,112590.0000,58.00,241860,0,4170.0000,0,0
168,0,33,    ,        ,2,0,0,  ,4.00,4360.0000,17440.0000,66.00,287760,0,4360.0000,0,0
168,0,36,    ,        ,2,0,0,  ,10.00,4280.0000,42800.0000,0,0,0,4280.0000,0,0
168,630,0,    ,        ,2,0,0,  ,0,3312.0000,0,0,0,0,3312.0000,0,0
168,631,0,    ,        ,2,0,0,  ,0,6704.0000,0,0,0,0,6704.0000,0,0
168,633,0,    ,        ,2,0,0,  ,0,8280.0000,0,0,0,0,8280.0000,0,0
177,2,40,7011,        ,1,1,0,  ,0,5000.0000,0,0,0,0,5000.0000,0,0
177,2,40,7011, ｺｳ     ,1,1,0,  ,0,5300.0000,0,10.00,53000,0,5300.0000,0,0
177,2,46,7011, ｺｳ     ,1,1,0,  ,0,5200.0000,0,5.00,26000,0,5200.0000,0,0
177,2,50,7011,        ,1,1,0,  ,0,3500.0000,0,3.00,10500,0,3500.0000,0,0
177,25,36,7011, ｺｳ     ,1,1,0,  ,0,4828.2051,0,13.00,62766,0,4828.2051,0,0
177,25,40,7011, ｺｳ     ,1,1,0,  ,0,4905.2631,0,3.00,14715,0,4905.2631,0,0
177,25,46,7011, ｺｳ     ,1,1,0,  ,0,4848.1250,0,8.00,38785,0,4848.1250,0,0
182,48,28,5100,        ,1,1,0,  ,0,4419.7932,0,120.00,530375,0,4419.7932,0,0
182,48,32,5100,        ,1,1,0,  ,0,4567.4551,0,0,0,0,4567.4551,0,0
182,48,46,5100,        ,1,1,0,  ,0,3953.3261,0,0,0,0,3953.3261,0,0
182,545,46,5100,        ,1,1,0,  ,0,4433.3333,0,53.00,234966,0,4433.3333,0,0
199,0,6,5000,        ,1,1,1,  ,0,850.0000,0,42.00,35700,0,850.0000,0,0
199,0,7,5000,        ,1,1,1,  ,0,850.0000,0,48.00,40800,0,850.0000,0,0
199,48,46,9999,ｼｭﾝﾒｲ   ,1,1,1,  ,0,3600.0000,0,4.00,14400,0,3600.0000,0,0
200,0,0,5002,        ,2,3,0,  ,0,0,0,0,0,0,0,0,0
200,0,80,5012,        ,2,3,0,  ,0,1300.0000,0,0,0,0,1300.0000,0,0
200,0,86,5009,        ,2,3,0,  ,0,2100.0000,0,0,0,0,2100.0000,0,0
200,0,86,5086,        ,2,3,0,  ,0,2500.0000,0,0,0,0,2500.0000,0,0
200,0,86,6020,        ,2,3,0,  ,0,2200.0000,0,0,0,0,2200.0000,0,0
200,0,86,9999,ﾎｯﾀ     ,2,3,0,  ,0,2200.0000,0,0,0,0,2200.0000,0,0
200,0,89,5009,        ,2,3,0,  ,0,2000.0000,0,0,0,0,2000.0000,0,0
200,0,89,6020,        ,2,3,0,  ,0,2200.0000,0,0,0,0,2200.0000,0,0
200,47,80,5001,        ,2,3,0,  ,0,0,0,0,0,0,0,0,0
200,47,80,5025,        ,2,3,0,  ,0,100.0000,0,0,0,0,100.0000,0,0
200,47,80,9999,ﾏﾙﾕｳ    ,2,3,0,  ,0,1500.0000,0,0,0,0,1500.0000,0,0
200,47,83,5001,        ,2,3,0,  ,0,0,0,0,0,0,0,0,0
200,47,83,5025,        ,2,3,0,  ,0,100.0000,0,0,0,0,100.0000,0,0
200,47,83,9999,ﾏﾙﾕｳ    ,2,3,0,  ,0,1800.0000,0,0,0,0,1800.0000,0,0
200,47,86,5001,        ,2,3,0,  ,0,0,0,0,0,0,0,0,0
200,47,86,5025,        ,2,3,0,  ,0,120.0000,0,0,0,0,120.0000,0,0
200,47,86,9999,ﾏﾙﾕｳ    ,2,3,0,  ,0,1800.0000,0,0,0,0,1800.0000,0,0
200,47,89,5001,        ,2,3,0,  ,0,0,0,0,0,0,0,0,0
200,47,89,5025,        ,2,3,0,  ,0,120.0000,0,0,0,0,120.0000,0,0
200,48,80,5001,        ,2,3,0,  ,0,1800.0000,0,0,0,0,1800.0000,0,0
200,48,80,5025,        ,2,3,0,  ,50.00,120.0000,6000.0000,0,0,0,120.0000,0,0
200,48,80,9999,ﾏﾙﾕｳ    ,2,3,0,  ,0,2200.0000,0,0,0,0,2200.0000,0,0
200,48,83,5001,        ,2,3,0,  ,0,2066.6666,0,0,0,0,2066.6666,0,0
200,48,83,5025,        ,2,3,0,  ,30.00,130.0000,3900.0000,0,0,0,130.0000,0,0
200,48,86,5001,        ,2,3,0,  ,0,0,0,0,0,0,0,0,0
200,48,86,5002,        ,2,3,0,  ,0,2500.0000,0,6.00,14407,0,2500.0000,0,0
200,48,86,5025,        ,2,3,0,  ,0,140.0000,0,0,0,0,140.0000,0,0
200,48,86,9999,ﾏﾙﾕｳ    ,2,3,0,  ,0,2500.0000,0,0,0,0,2500.0000,0,0
200,48,89,5002,        ,2,3,0,  ,0,2500.0000,0,2.00,5000,0,2500.0000,0,0
200,48,580,9999,ﾏﾙﾕｳ    ,2,3,0,  ,0,1800.0000,0,0,0,0,1800.0000,0,0
200,86,80,5002,        ,2,3,0,  ,0,1500.0000,0,0,0,0,1500.0000,0,0
200,86,83,5002,        ,2,3,0,  ,0,1500.0000,0,0,0,0,1500.0000,0,0
200,86,86,5002,        ,2,3,0,  ,0,1500.0000,0,0,0,0,1500.0000,0,0
200,86,89,5002,        ,2,3,0,  ,0,1500.0000,0,0,0,0,1500.0000,0,0
302,0,0,9001,        ,1,4,4,  ,200.00,3.4700,694.0000,200.00,694,0,3.4700,0,0
302,0,0,9007,        ,1,4,4,  ,1779.00,58.9783,104922.3957,1779.00,104922,0,58.9783,0,0
302,0,86,9001,        ,1,4,4,  ,800.00,5.3800,4304.0000,800.00,4304,0,5.3800,0,0
302,0,89,9001,        ,1,4,4,  ,1300.00,5.3781,6991.5300,1300.00,6991,0,5.3781,0,0
302,0,92,9001,        ,1,4,4,  ,600.00,5.3787,3227.2200,600.00,3227,0,5.3787,0,0
304,15,78,    ,        ,1,4,0,  ,0,3300.0000,0,0,0,0,3300.0000,0,0
304,47,80,5601,        ,1,4,0,  ,0,3300.0000,0,0,0,0,3300.0000,0,0
304,47,83,5601,        ,1,4,0,  ,0,3300.0000,0,0,0,0,3300.0000,0,0
304,47,86,5601,        ,1,4,0,  ,0,3129.4117,0,0,0,0,3129.4117,0,0
304,47,89,5601,        ,1,4,0,  ,0,3000.0000,0,0,0,0,3000.0000,0,0
304,48,83,5601,        ,1,4,0,  ,0,3400.0000,0,0,0,0,3400.0000,0,0
304,48,86,5601,        ,1,4,0,  ,0,3300.0000,0,0,0,0,3300.0000,0,0
304,48,89,5601,        ,1,4,0,  ,0,3200.0000,0,0,0,0,3200.0000,0,0
305,47,20,5005,        ,1,4,0,  ,0,1300.0000,0,0,0,0,1300.0000,0,0
305,48,20,5005,        ,1,4,0,  ,0,2200.0000,0,0,0,0,2200.0000,0,0
305,48,28,5005,        ,1,4,0,  ,0,2200.0000,0,0,0,0,2200.0000,0,0
305,48,40,5005,        ,1,4,0,  ,0,1800.0000,0,0,0,0,1800.0000,0,0
305,48,48,5005,        ,1,4,0,  ,0,1600.0000,0,0,0,0,1600.0000,0,0
401,0,0,    ,        ,1,4,4,  ,0,0,0,0,0,0,0,0,0
401,0,0,9999,ｻﾂｷﾏﾙｷ  ,1,4,4,  ,0,0,0,0,0,0,0,0,0
401,0,0,9999,ｻﾂｷﾏﾙﾎﾝ ,1,4,4,  ,0,0,0,0,0,0,0,0,0
401,47,77,9999,ｷﾅﾘﾅｶﾞﾐﾈ,1,4,4,  ,0,1200.0000,0,0,0,0,1200.0000,0,0
401,47,77,9999,ｻﾂｷ     ,1,4,4,  ,0,2500.0000,0,0,0,0,2500.0000,0,0
401,47,78,9999,ｷﾅﾘﾅｶﾞﾐﾈ,1,4,4,  ,0,1500.0000,0,0,0,0,1500.0000,0,0
401,47,78,9999,ｻﾂｷ     ,1,4,4,  ,0,2800.0000,0,0,0,0,2800.0000,0,0
401,47,80,9999,ｷﾅﾘ     ,1,4,4,  ,0,2700.0000,0,0,0,0,2700.0000,0,0
401,47,80,9999,ｷﾅﾘﾅｶﾞﾐﾈ,1,4,4,  ,0,1800.0000,0,0,0,0,1800.0000,0,0
401,47,80,9999,ｻﾂｷ     ,1,4,4,  ,0,3000.0000,0,0,0,0,3000.0000,0,0
401,47,80,9999,ｻﾂｷﾊﾁｳﾁ ,1,4,4,  ,0,2400.0000,0,0,0,0,2400.0000,0,0
401,47,83,9999,ｷﾅﾘ     ,1,4,4,  ,0,2773.6842,0,0,0,0,2773.6842,0,0
401,47,83,9999,ｷﾅﾘﾅｶﾞﾐﾈ,1,4,4,  ,0,2000.0000,0,0,0,0,2000.0000,0,0
401,47,83,9999,ｻﾂｷ     ,1,4,4,  ,0,3000.0000,0,2.00,6000,0,3000.0000,0,0
401,47,83,9999,ｻﾂｷﾊﾁｳﾁ ,1,4,4,  ,0,2600.0000,0,10.00,26000,0,2600.0000,0,0
401,47,86,9999,ｷﾅﾘﾅｶﾞﾐﾈ,1,4,4,  ,0,2000.0000,0,0,0,0,2000.0000,0,0
401,47,86,9999,ｻﾂｷﾊﾁｳﾁ ,1,4,4,  ,0,2600.0000,0,6.00,15600,0,2600.0000,0,0
401,47,89,5001,        ,1,4,4,  ,0,2500.0000,0,0,0,0,2500.0000,0,0
401,47,89,9999,ｷﾅﾘﾅｶﾞﾐﾈ,1,4,4,  ,0,1800.0000,0,0,0,0,1800.0000,0,0
401,47,89,9999,ｻﾂｷﾊﾁｳﾁ ,1,4,4,  ,0,2600.0000,0,0,0,0,2600.0000,0,0
401,47,92,9999,ｻﾂｷﾊﾁｳﾁ ,1,4,4,  ,0,2000.0000,0,0,0,0,2000.0000,0,0
401,48,77,9999,ｷﾅﾘﾅｶﾞﾐﾈ,1,4,4,  ,0,2000.0000,0,0,0,0,2000.0000,0,0
401,48,78,9999,ｷﾅﾘﾅｶﾞﾐﾈ,1,4,4,  ,0,2200.0000,0,0,0,0,2200.0000,0,0
401,48,78,9999,ｷﾅﾘﾏﾙﾐﾔ ,1,4,4,  ,0,2300.0000,0,1.00,2300,0,2300.0000,0,0
401,48,80,    ,        ,1,4,4,  ,7.00,3500.0000,24500.0000,0,0,0,3500.0000,0,0
401,48,80,9999,ｷﾅﾘﾅｶﾞﾐﾈ,1,4,4,  ,0,2600.0000,0,0,0,0,2600.0000,0,0
401,48,80,9999,ｷﾅﾘﾏﾙｷ  ,1,4,4,  ,0,2800.0000,0,0,0,0,2800.0000,0,0
401,48,80,9999,ｷﾅﾘﾏﾙﾐﾔ ,1,4,4,  ,0,2500.0000,0,0,0,0,2500.0000,0,0
401,48,80,9999,ｻﾂｷﾏﾙｷ  ,1,4,4,  ,0,2966.6666,0,6.00,17799,0,2966.6666,0,0
401,48,83,9999,ｷﾅﾘ     ,1,4,4,  ,0,3122.2222,0,0,0,0,3122.2222,0,0
401,48,83,9999,ｷﾅﾘｷﾉｻﾄ ,1,4,4,  ,0,2800.0000,0,0,0,0,2800.0000,0,0
401,48,83,9999,ｷﾅﾘﾅｶﾞﾐﾈ,1,4,4,  ,0,2700.0000,0,0,0,0,2700.0000,0,0
401,48,83,9999,ｷﾅﾘﾏﾙｷ  ,1,4,4,  ,0,3000.0000,0,0,0,0,3000.0000,0,0
401,48,83,9999,ｷﾅﾘﾏﾙﾐﾔ ,1,4,4,  ,0,3000.0000,0,4.00,12000,0,3000.0000,0,0
401,48,83,9999,ｻﾂｷﾊﾁｳﾁ ,1,4,4,  ,0,3000.0000,0,16.00,48000,0,3000.0000,0,0
401,48,83,9999,ｻﾂｷﾏﾙｷ  ,1,4,4,  ,0,4500.0000,0,55.00,165000,0,4500.0000,0,0
401,48,83,9999,ｻﾂｷﾏﾙﾎﾝ ,1,4,4,  ,11.00,2800.0000,30800.0000,0,0,0,2800.0000,0,0
401,48,86,5001,        ,1,4,4,  ,0,2800.0000,0,0,0,0,2800.0000,0,0
401,48,86,9999,ｷﾅﾘ     ,1,4,4,  ,0,3175.9036,0,0,0,0,3175.9036,0,0
401,48,86,9999,ｷﾅﾘﾅｶﾞﾐﾈ,1,4,4,  ,0,2500.0000,0,0,0,0,2500.0000,0,0
401,48,86,9999,ｷﾅﾘﾏﾙｷ  ,1,4,4,  ,0,3200.0000,0,0,0,0,3200.0000,0,0
401,48,86,9999,ｷﾅﾘﾏﾙﾐﾔ ,1,4,4,  ,0,3000.0000,0,13.00,39000,0,3000.0000,0,0
401,48,86,9999,ｻﾂｷﾊﾁｳﾁ ,1,4,4,  ,0,3000.0000,0,19.00,57000,0,3000.0000,0,0
401,48,86,9999,ｻﾂｷﾏﾙｷ  ,1,4,4,  ,0,3057.1428,0,35.00,106999,0,3057.1428,0,0
401,48,86,9999,ｻﾂｷﾏﾙﾎﾝ ,1,4,4,  ,16.00,3000.0000,48000.0000,0,0,0,3000.0000,0,0
401,48,89,5001,        ,1,4,4,  ,0,2800.0000,0,0,0,0,2800.0000,0,0
401,48,89,9999,ｷﾅﾘﾅｶﾞﾐﾈ,1,4,4,  ,0,2000.0000,0,0,0,0,2000.0000,0,0
401,48,89,9999,ｷﾅﾘﾏﾙｷ  ,1,4,4,  ,0,3000.0000,0,0,0,0,3000.0000,0,0
401,48,89,9999,ｷﾅﾘﾏﾙﾐﾔ ,1,4,4,  ,0,2700.0000,0,0,0,0,2700.0000,0,0
401,48,89,9999,ｻﾂｷﾊﾁｳﾁ ,1,4,4,  ,0,2700.0000,0,0,0,0,2700.0000,0,0
401,48,89,9999,ｻﾂｷﾏﾙｷ  ,1,4,4,  ,0,4000.0000,0,1.00,2800,0,4000.0000,0,0
401,48,89,9999,ｻﾂｷﾏﾙﾎﾝ ,1,4,4,  ,6.00,2800.0000,16800.0000,0,0,0,2800.0000,0,0
401,48,92,9999,ｻﾂｷﾊﾁｳﾁ ,1,4,4,  ,0,2200.0000,0,0,0,0,2200.0000,0,0
403,12,86,5806,        ,1,4,4,  ,0,2300.0000,0,0,0,0,2300.0000,0,0
403,48,83,5776,        ,1,4,4,  ,0,1600.0000,0,0,0,0,1600.0000,0,0
408,0,0,5002,        ,1,4,4,  ,0,0,0,0,0,0,0,0,0
408,47,78,5003,        ,1,4,4,  ,0,2800.0000,0,4.00,11200,0,2800.0000,0,0
408,47,80,5003,        ,1,4,4,  ,0,3300.0000,0,6.00,21000,0,3300.0000,0,0
408,47,80,5019,        ,1,4,4,  ,0,1800.0000,0,1.00,1800,0,1800.0000,0,0
408,47,80,5038,        ,1,4,4,  ,0,1600.0000,0,0,0,0,1600.0000,0,0
408,47,80,5039,        ,1,4,4,  ,0,3000.0000,0,0,0,0,3000.0000,0,0
408,47,83,5003,        ,1,4,4,  ,0,3500.0000,0,0,0,0,3500.0000,0,0
408,47,83,5019,        ,1,4,4,  ,0,1600.0000,0,0,0,0,1600.0000,0,0
408,47,83,5038,        ,1,4,4,  ,0,1600.0000,0,0,0,0,1600.0000,0,0
408,47,83,5039,        ,1,4,4,  ,0,3300.0000,0,0,0,0,3300.0000,0,0
408,47,86,5003,        ,1,4,4,  ,0,4000.0000,0,5.00,20000,0,4000.0000,0,0
408,48,78,5003,        ,1,4,4,  ,0,3200.0000,0,3.00,9600,0,3200.0000,0,0
408,48,80,5002,        ,1,4,4,  ,0,2300.0000,0,11.00,25300,0,2300.0000,0,0
408,48,80,5003,        ,1,4,4,  ,0,3777.6515,0,15.00,54000,0,3777.6515,0,0
408,48,80,5038,        ,1,4,4,  ,0,1800.0000,0,0,0,0,1800.0000,0,0
408,48,83,5002,        ,1,4,4,  ,0,0,0,0,0,0,0,0,0
408,48,83,5003,        ,1,4,4,  ,0,3600.0000,0,7.00,28000,0,3600.0000,0,0
408,48,83,5019,        ,1,4,4,  ,0,1700.0000,0,0,0,0,1700.0000,0,0
408,48,83,5038,        ,1,4,4,  ,0,1750.0000,0,0,0,0,1750.0000,0,0
408,48,86,5003,        ,1,4,4,  ,0,4300.0000,0,3.00,12900,0,4300.0000,0,0
408,86,78,5003,        ,1,4,4,  ,0,2500.0000,0,1.00,2500,0,2500.0000,0,0
408,86,80,    ,        ,1,4,4,  ,0,0,0,0,0,0,0,0,0
408,86,80,5003,        ,1,4,4,  ,0,2700.0000,0,8.00,21600,0,2700.0000,0,0
408,86,86,    ,        ,1,4,4,  ,0,4200.0000,0,0,0,0,4200.0000,0,0
411,15,0,    ,        ,1,4,4,  ,0,4000.0000,0,0,0,0,4000.0000,0,0
411,35,0,    ,        ,1,4,4,  ,0,3500.0000,0,19.00,66500,0,3500.0000,0,0
412,0,572,5850,        ,1,4,4,  ,0,1720.0000,0,0,0,0,1720.0000,0,0
415,0,0,5002,        ,1,4,0,  ,0,0,0,0,0,0,0,0,0
415,0,0,5016,        ,1,4,0,  ,0,0,0,0,0,0,0,0,0
415,0,0,9999,ﾐﾔﾅｵ    ,1,4,0,  ,0,0,0,0,0,0,0,0,0
415,12,86,5702,        ,1,4,0,  ,0,3200.0000,0,0,0,0,3200.0000,0,0
415,47,77,5014,        ,1,4,0,  ,0,1500.0000,0,0,0,0,1500.0000,0,0
415,47,78,5014,        ,1,4,0,  ,0,2000.0000,0,0,0,0,2000.0000,0,0
415,47,80,5014,        ,1,4,0,  ,0,2300.0000,0,0,0,0,2300.0000,0,0
415,47,83,5014,        ,1,4,0,  ,0,2500.0000,0,4.00,10000,0,2500.0000,0,0
415,47,86,5014,        ,1,4,0,  ,0,2400.0000,0,1.00,2400,0,2400.0000,0,0
415,47,89,5002,        ,1,4,0,  ,0,3275.0000,0,1.00,3200,0,3275.0000,0,0
415,47,89,5702,        ,1,4,0,  ,0,2600.0000,0,0,0,0,2600.0000,0,0
415,48,77,5014,        ,1,4,0,  ,0,2300.0000,0,0,0,0,2300.0000,0,0
415,48,78,5013,        ,1,4,0,  ,0,2800.0000,0,0,0,0,2800.0000,0,0
415,48,78,5014,        ,1,4,0,  ,0,2300.0000,0,0,0,0,2300.0000,0,0
415,48,78,6013,        ,1,4,0,  ,0,2500.0000,0,0,0,0,2500.0000,0,0
415,48,80,5013,        ,1,4,0,  ,0,3000.0000,0,0,0,0,3000.0000,0,0
415,48,80,5014,        ,1,4,0,  ,0,2700.0000,0,0,0,0,2700.0000,0,0
415,48,80,5016,        ,1,4,0,  ,0,4000.0000,0,0,0,0,4000.0000,0,0
415,48,80,6013,        ,1,4,0,  ,0,2781.8181,0,7.00,19472,0,2781.8181,0,0
415,48,80,9999,ﾐﾔﾅｵ    ,1,4,0,  ,0,2700.0000,0,0,0,0,2700.0000,0,0
415,48,83,5012,        ,1,4,0,  ,0,3294.5945,0,0,0,0,3294.5945,0,0
415,48,83,5013,        ,1,4,0,  ,0,3100.0000,0,0,0,0,3100.0000,0,0
415,48,83,5014,        ,1,4,0,  ,0,2600.0000,0,0,0,0,2600.0000,0,0
415,48,83,5016,        ,1,4,0,  ,0,4000.0000,0,0,0,0,4000.0000,0,0
415,48,83,5037,        ,1,4,0,  ,0,3000.0000,0,3.00,9000,0,3000.0000,0,0
415,48,83,5853,        ,1,4,0,  ,0,3000.0000,0,0,0,0,3000.0000,0,0
415,48,83,6013,        ,1,4,0,  ,0,3200.0000,0,0,0,0,3200.0000,0,0
415,48,83,9999,ﾐﾔﾅｵ    ,1,4,0,  ,0,3000.0000,0,0,0,0,3000.0000,0,0
415,48,86,5014,        ,1,4,0,  ,0,2600.0000,0,0,0,0,2600.0000,0,0
415,48,86,5016,        ,1,4,0,  ,0,4000.0000,0,0,0,0,4000.0000,0,0
415,48,86,5702,        ,1,4,0,  ,0,3500.0000,0,0,0,0,3500.0000,0,0
415,48,86,6013,        ,1,4,0,  ,0,3111.7647,0,14.00,43564,0,3111.7647,0,0
415,48,86,9999,ﾐﾔﾅｵ    ,1,4,0,  ,0,3000.0000,0,0,0,0,3000.0000,0,0
415,48,89,5002,        ,1,4,0,  ,0,3500.0000,0,4.00,14000,0,3500.0000,0,0
415,48,89,5014,        ,1,4,0,  ,0,2300.0000,0,0,0,0,2300.0000,0,0
415,48,89,5016,        ,1,4,0,  ,0,3500.0000,0,0,0,0,3500.0000,0,0
415,48,89,6013,        ,1,4,0,  ,0,2791.6666,0,0,0,0,2791.6666,0,0
415,48,89,9999,ﾐﾔﾅｵ    ,1,4,0,  ,0,2692.3076,0,0,0,0,2692.3076,0,0
415,86,78,5002,        ,1,4,0,  ,0,3075.0000,0,1.00,3300,0,3075.0000,0,0
415,86,80,5002,        ,1,4,0,  ,0,3400.0000,0,2.00,7000,0,3400.0000,0,0
415,86,83,5002,        ,1,4,0,  ,0,3500.0000,0,7.00,24500,0,3500.0000,0,0
415,86,89,5002,        ,1,4,0,  ,0,3000.0000,0,0,0,0,3000.0000,0,0
426,0,0,5027,        ,1,4,4,  ,0,0,0,0,0,0,0,0,0
426,0,0,5039,        ,1,4,4,  ,0,0,0,0,0,0,0,0,0
426,0,0,5090,        ,1,4,4,  ,0,0,0,0,0,0,0,0,0
426,0,0,5098,        ,1,4,4,  ,0,0,0,0,0,0,0,0,0
426,0,0,6008,        ,1,4,4,  ,0,0,0,0,0,0,0,0,0
426,47,25,5007,        ,1,4,4,  ,0,2200.0000,0,0,0,0,2200.0000,0,0
426,47,32,5007,        ,1,4,4,  ,0,2500.0000,0,7.00,17500,0,2500.0000,0,0
426,47,38,5007,        ,1,4,4,  ,0,2800.0000,0,2.00,5600,0,2800.0000,0,0
426,47,45,5007,        ,1,4,4,  ,0,3000.0000,0,0,0,0,3000.0000,0,0
426,47,83,5003,        ,1,4,4,  ,0,2800.0000,0,0,0,0,2800.0000,0,0
426,47,89,5002,        ,1,4,4,  ,0,3800.0000,0,0,0,0,3800.0000,0,0
426,48,38,5007,        ,1,4,4,  ,0,2684.0394,0,0,0,0,2684.0394,0,0
426,48,45,5007,        ,1,4,4,  ,0,3500.0000,0,0,0,0,3500.0000,0,0
426,48,77,6008,        ,1,4,4,  ,0,2400.0000,0,0,0,0,2400.0000,0,0
426,48,78,5003,        ,1,4,4,  ,0,2500.0000,0,0,0,0,2500.0000,0,0
426,48,78,5023,        ,1,4,4,  ,0,2000.0000,0,0,0,0,2000.0000,0,0
426,48,78,5039,        ,1,4,4,  ,0,2000.0000,0,1.00,2000,0,2000.0000,0,0
426,48,78,5040,        ,1,4,4,  ,0,3500.0000,0,0,0,0,3500.0000,0,0
426,48,78,5098,        ,1,4,4,  ,0,2500.0000,0,0,0,0,2500.0000,0,0
426,48,78,6008,        ,1,4,4,  ,0,2650.0000,0,0,0,0,2650.0000,0,0
426,48,80,5003,        ,1,4,4,  ,0,2700.0000,0,0,0,0,2700.0000,0,0
426,48,80,5027,        ,1,4,4,  ,0,3300.0000,0,0,0,0,3300.0000,0,0
426,48,80,5039,        ,1,4,4,  ,0,2742.3076,0,4.00,10969,0,2742.3076,0,0
426,48,80,5040,        ,1,4,4,  ,0,4000.0000,0,0,0,0,4000.0000,0,0
426,48,80,5044,        ,1,4,4,  ,0,2300.0000,0,0,0,0,2300.0000,0,0
426,48,80,5090,        ,1,4,4,  ,0,2500.0000,0,0,0,0,2500.0000,0,0
426,48,80,6008,        ,1,4,4,  ,0,3000.0000,0,0,0,0,3000.0000,0,0
426,48,83,5003,        ,1,4,4,  ,0,2989.4480,0,0,0,0,2989.4480,0,0
426,48,83,5016,        ,1,4,4,  ,0,4000.0000,0,0,0,0,4000.0000,0,0
426,48,83,5023,        ,1,4,4,  ,0,3500.0000,0,0,0,0,3500.0000,0,0
426,48,83,5027,        ,1,4,4,  ,0,4000.0000,0,0,0,0,4000.0000,0,0
426,48,83,5039,        ,1,4,4,  ,0,3425.0000,0,4.00,13700,0,3425.0000,0,0
426,48,83,5040,        ,1,4,4,  ,0,4800.0000,0,0,0,0,4800.0000,0,0
426,48,83,5045,        ,1,4,4,  ,0,3000.0000,0,0,0,0,3000.0000,0,0
426,48,83,5098,        ,1,4,4,  ,0,4300.0000,0,0,0,0,4300.0000,0,0
426,48,83,6008,        ,1,4,4,  ,0,4000.0000,0,0,0,0,4000.0000,0,0
426,48,83,6017,        ,1,4,4,  ,0,2166.6666,0,0,0,0,2166.6666,0,0
426,48,86,5005,        ,1,4,4,  ,0,1500.0000,0,0,0,0,1500.0000,0,0
426,48,86,5016,        ,1,4,4,  ,0,4000.0000,0,0,0,0,4000.0000,0,0
426,48,86,5027,        ,1,4,4,  ,0,4000.0000,0,0,0,0,4000.0000,0,0
426,48,86,5040,        ,1,4,4,  ,0,4800.0000,0,0,0,0,4800.0000,0,0
426,48,86,5044,        ,1,4,4,  ,0,2705.8823,0,0,0,0,2705.8823,0,0
426,48,86,5098,        ,1,4,4,  ,0,4300.0000,0,0,0,0,4300.0000,0,0
426,48,86,6008,        ,1,4,4,  ,0,4000.0000,0,0,0,0,4000.0000,0,0
426,48,89,5005,        ,1,4,4,  ,0,1500.0000,0,0,0,0,1500.0000,0,0
426,48,89,5007,        ,1,4,4,  ,0,3500.0000,0,0,0,0,3500.0000,0,0
426,48,89,5016,        ,1,4,4,  ,0,4000.0000,0,0,0,0,4000.0000,0,0
426,48,89,5039,        ,1,4,4,  ,0,3000.0000,0,0,0,0,3000.0000,0,0
426,48,89,5040,        ,1,4,4,  ,0,4800.0000,0,0,0,0,4800.0000,0,0
426,48,89,5044,        ,1,4,4,  ,0,2800.0000,0,0,0,0,2800.0000,0,0
426,48,89,5073,        ,1,4,4,  ,0,2000.0000,0,0,0,0,2000.0000,0,0
426,48,89,5095,        ,1,4,4,  ,0,3500.0000,0,0,0,0,3500.0000,0,0
426,48,89,5098,        ,1,4,4,  ,0,4300.0000,0,0,0,0,4300.0000,0,0
426,48,89,6008,        ,1,4,4,  ,0,4000.0000,0,0,0,0,4000.0000,0,0
426,48,92,5005,        ,1,4,4,  ,0,1500.0000,0,0,0,0,1500.0000,0,0
426,86,83,5003,        ,1,4,4,  ,0,2400.0000,0,0,0,0,2400.0000,0,0
433,0,0,5444,        ,1,4,4,  ,0,0,0,0,0,0,0,0,0
433,48,10,5444,        ,1,4,4,  ,0,3313.6363,0,23.00,76213,0,3313.6363,0,0
433,48,12,5001,        ,1,4,4,  ,0,4000.0000,0,1.00,4000,0,4000.0000,0,0
433,48,12,5014,        ,1,4,4,  ,0,2500.0000,0,0,0,0,2500.0000,0,0
433,48,12,5444,        ,1,4,4,  ,0,3342.1089,0,0,0,0,3342.1089,0,0
433,48,12,5750,        ,1,4,4,  ,0,2800.0000,0,0,0,0,2800.0000,0,0
433,48,15,5001,        ,1,4,4,  ,0,3800.0000,0,0,0,0,3800.0000,0,0
433,48,15,5750,        ,1,4,4,  ,0,3000.0000,0,0,0,0,3000.0000,0,0
433,48,15,5806,        ,1,4,4,  ,0,5000.0000,0,0,0,0,5000.0000,0,0
433,48,18,5001,        ,1,4,4,  ,0,3300.0000,0,15.00,49500,0,3300.0000,0,0
433,48,18,5750,        ,1,4,4,  ,0,3000.0000,0,20.00,60000,0,3000.0000,0,0
433,48,20,5001,        ,1,4,4,  ,0,3300.0000,0,12.00,39600,0,3300.0000,0,0
433,48,20,5750,        ,1,4,4,  ,0,3000.0000,0,0,0,0,3000.0000,0,0
433,48,20,5804,        ,1,4,4,  ,2.00,4000.0000,8000.0000,0,0,0,4000.0000,0,0
433,48,24,5014,        ,1,4,4,  ,0,2116.6895,0,0,0,0,2116.6895,0,0
433,48,24,5750,        ,1,4,4,  ,0,2800.0000,0,11.00,30800,0,2800.0000,0,0
433,86,12,5804,        ,1,4,4,  ,0,4200.0000,0,0,0,0,4200.0000,0,0
433,86,15,5804,        ,1,4,4,  ,0,4200.0000,0,0,0,0,4200.0000,0,0
433,86,15,5806,        ,1,4,4,  ,0,4500.0000,0,4.00,18000,0,4500.0000,0,0
433,86,18,5804,        ,1,4,4,  ,0,4000.0000,0,0,0,0,4000.0000,0,0
433,86,18,5806,        ,1,4,4,  ,0,4000.0000,0,0,0,0,4000.0000,0,0
433,86,20,5804,        ,1,4,4,  ,0,3642.8571,0,0,0,0,3642.8571,0,0
433,86,24,5804,        ,1,4,4,  ,0,3300.0000,0,0,0,0,3300.0000,0,0
433,86,24,5806,        ,1,4,4,  ,0,3300.0000,0,0,0,0,3300.0000,0,0
436,8,89,5859,        ,1,4,4,  ,0,4000.0000,0,0,0,0,4000.0000,0,0
438,0,0,5853,        ,1,4,0,  ,0,0,0,0,0,0,0,0,0
438,12,78,5853,        ,1,4,0,  ,0,1366.6666,0,0,0,0,1366.6666,0,0
438,12,80,5853,        ,1,4,0,  ,0,1600.0000,0,3.00,4800,0,1600.0000,0,0
438,12,83,5853,        ,1,4,0,  ,0,2456.3711,0,8.00,16000,0,2456.3711,0,0
438,12,86,5853,        ,1,4,0,  ,2.00,2600.0000,5200.0000,0,0,0,2600.0000,0,0
438,12,89,5853,        ,1,4,0,  ,0,2400.0000,0,23.00,50923,0,2400.0000,0,0
438,15,80,5853,        ,1,4,0,  ,0,1600.0000,0,0,0,0,1600.0000,0,0
438,15,83,5853,        ,1,4,0,  ,0,2000.0000,0,20.00,36000,0,2000.0000,0,0
438,15,86,5853,        ,1,4,0,  ,72.00,1800.0000,129600.0000,0,0,0,1800.0000,0,0
438,15,89,5853,        ,1,4,0,  ,92.00,1800.0000,165600.0000,94.00,158850,0,1800.0000,0,0
438,48,78,5853,        ,1,4,0,  ,0,1800.0000,0,0,0,0,1800.0000,0,0
438,48,83,5853,        ,1,4,0,  ,0,2800.0000,0,6.00,13200,0,2800.0000,0,0
438,48,86,5853,        ,1,4,0,  ,19.00,2650.0000,50350.0000,0,0,0,2650.0000,0,0
438,48,89,5853,        ,1,4,0,  ,94.00,2600.0000,244400.0000,0,0,0,2600.0000,0,0
438,48,89,5853, ﾁｬ     ,1,4,0,  ,0,1300.0000,0,0,0,0,1300.0000,0,0
444,0,0,6008,        ,1,0,0,  ,0,0,0,0,0,0,0,0,0
444,12,86,5776,        ,1,0,0,  ,0,2000.0000,0,0,0,0,2000.0000,0,0
444,12,89,5776,        ,1,0,0,  ,0,1800.0000,0,0,0,0,1800.0000,0,0
444,13,77,5776,        ,1,0,0,  ,0,2000.0000,0,0,0,0,2000.0000,0,0
444,47,18,5007,        ,1,0,0,  ,0,1600.0000,0,0,0,0,1600.0000,0,0
444,47,28,5007,        ,1,0,0,  ,0,1200.0000,0,0,0,0,1200.0000,0,0
444,47,78,6008,        ,1,0,0,  ,0,2500.0000,0,0,0,0,2500.0000,0,0
444,47,80,6008,        ,1,0,0,  ,0,2500.0000,0,2.00,5000,0,2500.0000,0,0
444,47,83,6008,        ,1,0,0,  ,0,2500.0000,0,15.00,37500,0,2500.0000,0,0
444,47,86,6008,        ,1,0,0,  ,0,2500.0000,0,21.00,52500,0,2500.0000,0,0
444,47,89,6008,        ,1,0,0,  ,0,2300.0000,0,3.00,6900,0,2300.0000,0,0
444,48,12,5074,        ,1,0,0,  ,0,1800.0000,0,0,0,0,1800.0000,0,0
444,48,15,5005,        ,1,0,0,  ,0,2300.0000,0,0,0,0,2300.0000,0,0
444,48,15,5007,        ,1,0,0,  ,0,2000.0000,0,0,0,0,2000.0000,0,0
444,48,15,5074,        ,1,0,0,  ,0,1900.0000,0,0,0,0,1900.0000,0,0
444,48,18,5005,        ,1,0,0,  ,0,2300.0000,0,0,0,0,2300.0000,0,0
444,48,18,5074,        ,1,0,0,  ,0,2000.0000,0,0,0,0,2000.0000,0,0
444,48,18,5090,        ,1,0,0,  ,0,2300.0000,0,0,0,0,2300.0000,0,0
444,48,20,5005,        ,1,0,0,  ,0,2300.0000,0,0,0,0,2300.0000,0,0
444,48,20,5007,        ,1,0,0,  ,0,2000.0000,0,0,0,0,2000.0000,0,0
444,48,20,5074,        ,1,0,0,  ,0,2000.0000,0,0,0,0,2000.0000,0,0
444,48,22,5090,        ,1,0,0,  ,0,2000.0000,0,0,0,0,2000.0000,0,0
444,48,24,5005,        ,1,0,0,  ,0,1651.7856,0,0,0,0,1651.7856,0,0
444,48,24,5007,        ,1,0,0,  ,0,1800.0000,0,0,0,0,1800.0000,0,0
444,48,24,5074,        ,1,0,0,  ,0,1900.0000,0,0,0,0,1900.0000,0,0
444,48,24,5090,        ,1,0,0,  ,0,1228.5714,0,0,0,0,1228.5714,0,0
444,48,28,5005,        ,1,0,0,  ,0,1800.0000,0,0,0,0,1800.0000,0,0
444,48,28,5007,        ,1,0,0,  ,0,1600.0000,0,0,0,0,1600.0000,0,0
444,48,28,5074,        ,1,0,0,  ,0,1800.0000,0,0,0,0,1800.0000,0,0
444,48,77,5776,        ,1,0,0,  ,0,2701.5832,0,0,0,0,2701.5832,0,0
444,48,78,5700,        ,1,0,0,  ,0,3300.0000,0,0,0,0,3300.0000,0,0
444,48,78,6008,        ,1,0,0,  ,0,3000.0000,0,2.00,6000,0,3000.0000,0,0
444,48,80,6008,        ,1,0,0,  ,0,3000.0000,0,9.00,27000,0,3000.0000,0,0
444,48,83,5776,        ,1,0,0,  ,0,2230.8823,0,0,0,0,2230.8823,0,0
444,48,83,6008,        ,1,0,0,  ,0,3000.0000,0,15.00,45000,0,3000.0000,0,0
444,48,86,6008,        ,1,0,0,  ,0,3000.0000,0,53.00,159000,0,3000.0000,0,0
444,48,89,6008,        ,1,0,0,  ,0,2600.0000,0,10.00,26000,0,2600.0000,0,0
444,67,0,5750,        ,1,0,0,  ,0,2700.0000,0,0,0,0,2700.0000,0,0
444,68,0,5750,        ,1,0,0,  ,0,2500.0000,0,0,0,0,2500.0000,0,0
448,47,78,5802,        ,1,4,0,  ,0,1500.0000,0,2.00,3000,0,1500.0000,0,0
448,47,80,5802,        ,1,4,0,  ,0,1700.0000,0,14.00,23800,0,1700.0000,0,0
448,47,83,5014,        ,1,4,0,  ,0,1200.0000,0,0,0,0,1200.0000,0,0
448,47,83,5802,        ,1,4,0,  ,0,2000.0000,0,20.00,40000,0,2000.0000,0,0
448,47,86,5014,        ,1,4,0,  ,0,1500.0000,0,11.00,16500,0,1500.0000,0,0
448,47,89,5014,        ,1,4,0,  ,0,1400.0000,0,0,0,0,1400.0000,0,0
448,47,92,5014,        ,1,4,0,  ,0,1300.0000,0,0,0,0,1300.0000,0,0
448,48,78,5802,        ,1,4,0,  ,0,1500.0000,0,4.00,6000,0,1500.0000,0,0
448,48,80,5802,        ,1,4,0,  ,0,1700.0000,0,10.00,17000,0,1700.0000,0,0
448,48,83,5014,        ,1,4,0,  ,0,1400.0000,0,11.00,15400,0,1400.0000,0,0
448,48,86,5014,        ,1,4,0,  ,0,1600.0000,0,17.00,27200,0,1600.0000,0,0
448,48,89,5014,        ,1,4,0,  ,0,1500.0000,0,8.00,12000,0,1500.0000,0,0
448,48,92,5014,        ,1,4,0,  ,0,1400.0000,0,0,0,0,1400.0000,0,0
499,13,80,9999,ﾆｼﾞｭｳﾏﾙ ,1,4,4,  ,0,4500.0000,0,0,0,0,4500.0000,0,0
499,47,78,8117, ﾏﾙｴ    ,1,4,4,  ,0,6000.0000,0,0,0,0,6000.0000,0,0
499,47,83,8105, AQ     ,1,4,4,  ,0,1800.0000,0,63.00,113400,0,1800.0000,0,0
499,47,86,8103, ﾄｳﾖ    ,1,4,4,  ,0,2500.0000,0,0,0,0,2500.0000,0,0
499,47,86,8105, ﾏﾙｸﾘ   ,1,4,4,  ,9.00,2300.0000,20700.0000,0,0,0,2300.0000,0,0
499,47,86,8117, ﾏﾙｴ    ,1,4,4,  ,0,5000.0000,0,0,0,0,5000.0000,0,0
499,48,78,9999,ﾆｼﾞｭｳﾏﾙ ,1,4,4,  ,0,2500.0000,0,0,0,0,2500.0000,0,0
499,48,80,8105, AQ10K  ,1,4,4,  ,0,3800.0000,0,12.00,45600,0,3800.0000,0,0
499,48,80,8111, ｶﾗﾂ    ,1,4,4,  ,0,2863.0203,0,0,0,0,2863.0203,0,0
499,48,80,9999,ﾆｼﾞｭｳﾏﾙ ,1,4,4,  ,0,2500.0000,0,0,0,0,2500.0000,0,0
499,48,83,8105, ﾀﾞﾙﾏ   ,1,4,4,  ,0,1500.0000,0,0,0,0,1500.0000,0,0
499,48,83,8105, ﾏﾙｸﾘ   ,1,4,4,  ,5.00,2300.0000,11500.0000,0,0,0,2300.0000,0,0
499,48,83,8105, AQ     ,1,4,4,  ,0,2000.0000,0,108.00,216000,0,2000.0000,0,0
499,48,83,8105, AQ10K  ,1,4,4,  ,0,4500.0000,0,38.00,171000,0,4500.0000,0,0
499,48,83,8106, ｶﾗﾂ    ,1,4,4,  ,0,2000.0000,0,8.00,16000,0,2000.0000,0,0
499,48,83,9999,ﾆｼﾞｭｳﾏﾙ ,1,4,4,  ,0,2500.0000,0,0,0,0,2500.0000,0,0
499,48,86,8105, ﾀﾞﾙﾏ   ,1,4,4,  ,0,1600.0000,0,0,0,0,1600.0000,0,0
499,48,86,8105, ﾏﾙｸﾘ   ,1,4,4,  ,7.00,2500.0000,17500.0000,0,0,0,2500.0000,0,0
499,48,86,9999,ﾆｼﾞｭｳﾏﾙ ,1,4,4,  ,0,2500.0000,0,0,0,0,2500.0000,0,0
499,48,89,8103, ﾏﾙｴ    ,1,4,4,  ,0,3000.0000,0,0,0,0,3000.0000,0,0
499,48,89,8105, ﾀﾞﾙﾏ   ,1,4,4,  ,0,1600.0000,0,0,0,0,1600.0000,0,0
499,48,89,8105, ﾏﾙｸﾘ   ,1,4,4,  ,14.00,2500.0000,35000.0000,0,0,0,2500.0000,0,0
499,48,92,8105, ﾀﾞﾙﾏ   ,1,4,4,  ,0,1400.0000,0,0,0,0,1400.0000,0,0
502,0,0,    ,        ,1,4,0,  ,0,0,0,0,0,0,0,0,0
502,0,0,5809,        ,1,4,0,  ,0,0,0,0,0,0,0,0,0
502,0,80,5809,        ,1,4,0,  ,0,130.0000,0,0,0,0,130.0000,0,0
502,0,80,5809, DX     ,1,4,0,  ,0,134.0860,0,0,0,0,134.0860,0,0
502,0,83,5809,        ,1,4,0,  ,0,127.0413,0,0,0,0,127.0413,0,0
502,0,83,5809, DX     ,1,4,0,  ,0,137.9310,0,0,0,0,137.9310,0,0
502,0,89,5809,        ,1,4,0,  ,0,115.8520,0,0,0,0,115.8520,0,0
502,0,553,5776,        ,1,4,0,  ,0,280.0000,0,0,0,0,280.0000,0,0
503,0,0,    ,        ,1,0,0,  ,0,0,0,0,0,0,0,0,0
503,0,0,6025,        ,1,0,0,  ,0,0,0,0,0,0,0,0,0
503,0,80,6025,        ,1,0,0,  ,0,400.0000,0,0,0,0,400.0000,0,0
503,0,83,6025,        ,1,0,0,  ,0,420.0000,0,0,0,0,420.0000,0,0
503,0,86,6025,        ,1,0,0,  ,0,400.0000,0,0,0,0,400.0000,0,0
503,0,89,6025,        ,1,0,0,  ,0,350.0000,0,0,0,0,350.0000,0,0
503,0,205,6025,        ,1,0,0,  ,0,500.0000,0,0,0,0,500.0000,0,0
503,0,550,6025,        ,1,0,0,  ,0,387.5516,0,0,0,0,387.5516,0,0
504,0,78,5750, DX     ,1,0,0,  ,140.00,330.0000,46200.0000,0,0,0,330.0000,0,0
504,0,80,5750, DX     ,1,0,0,  ,50.00,330.0000,16500.0000,0,0,0,330.0000,0,0
504,0,83,5750,        ,1,0,0,  ,540.00,330.0000,178200.0000,0,0,0,330.0000,0,0
504,0,83,5750, DX     ,1,0,0,  ,810.00,330.0000,267300.0000,0,0,0,330.0000,0,0
504,0,86,5750,        ,1,0,0,  ,0,270.0000,0,0,0,0,270.0000,0,0
504,0,205,5750,        ,1,0,0,  ,0,394.2465,0,0,0,0,394.2465,0,0
504,0,205,5751,        ,1,0,0,  ,0,210.0000,0,0,0,0,210.0000,0,0
505,0,0,    ,        ,1,4,0,  ,0,0,0,0,0,0,0,0,0
505,0,0,5336,        ,1,4,0,  ,0,0,0,0,0,0,0,0,0
505,0,12,5336,        ,1,4,0,  ,0,300.0000,0,0,0,0,300.0000,0,0
505,0,15,5336,        ,1,4,0,  ,0,320.0000,0,0,0,0,320.0000,0,0
505,0,573,5336,        ,1,4,0,  ,0,400.0000,0,920.00,368000,0,400.0000,0,0
583,0,0,    ,        ,1,4,0,  ,0,0,0,0,0,0,0,0,0
583,0,83,5733,        ,1,4,0,  ,0,350.0000,0,19.00,6650,0,350.0000,0,0
583,0,83,5744, CT     ,1,4,0,  ,0,270.0000,0,0,0,0,270.0000,0,0
583,0,86,5733,        ,1,4,0,  ,0,380.0000,0,160.00,60800,0,380.0000,0,0
583,0,86,5746,        ,1,4,0,  ,0,300.0000,0,500.00,175000,0,300.0000,0,0
583,0,205,5733,        ,1,4,0,  ,0,420.0000,0,0,0,0,420.0000,0,0
583,0,205,5733, 2L     ,1,4,0,  ,0,380.0000,0,200.00,76000,0,380.0000,0,0
583,0,205,5744,        ,1,4,0,  ,0,350.0000,0,0,0,0,350.0000,0,0
583,0,205,5746,        ,1,4,0,  ,0,361.6666,0,0,0,0,361.6666,0,0
583,0,205,5746, 2L     ,1,4,0,  ,0,310.0000,0,0,0,0,310.0000,0,0
583,0,221,5733,        ,1,4,0,  ,0,373.7458,0,430.00,160710,0,373.7458,0,0
583,0,221,5744,        ,1,4,0,  ,0,400.0000,0,0,0,0,400.0000,0,0
583,0,221,5746,        ,1,4,0,  ,0,380.0000,0,0,0,0,380.0000,0,0
583,0,576,5733,        ,1,4,0,  ,0,330.0000,0,0,0,0,330.0000,0,0
583,0,576,5746,        ,1,4,0,  ,0,330.0000,0,0,0,0,330.0000,0,0
583,66,0,5744, CT     ,1,4,0,  ,0,250.0000,0,0,0,0,250.0000,0,0
592,0,80,5819,        ,1,4,0,  ,0,277.5229,0,0,0,0,277.5229,0,0
592,0,80,5837,        ,1,4,0,  ,0,290.5882,0,0,0,0,290.5882,0,0
592,0,83,5751,        ,1,4,0,  ,0,360.0000,0,0,0,0,360.0000,0,0
592,0,83,5819,        ,1,4,0,  ,0,320.0000,0,0,0,0,320.0000,0,0
592,0,83,5837,        ,1,4,0,  ,0,460.0000,0,100.00,46000,0,460.0000,0,0
592,0,86,5751,        ,1,4,0,  ,0,360.0000,0,0,0,0,360.0000,0,0
592,0,86,5819,        ,1,4,0,  ,0,300.0000,0,0,0,0,300.0000,0,0
592,0,86,5837,        ,1,4,0,  ,0,440.0000,0,100.00,44000,0,440.0000,0,0
592,0,89,5837,        ,1,4,0,  ,0,200.0000,0,0,0,0,200.0000,0,0
599,0,0,    ,        ,1,4,4,  ,14.00,1300.0000,18200.0000,5.00,7000,0,1300.0000,0,0
599,0,0,8501, ｱｲﾁ    ,1,4,4,  ,0,0,0,0,0,0,0,0,0
599,0,0,9999,ｱｲｷﾗﾘ   ,1,4,4,  ,0,0,0,0,0,0,0,0,0
599,0,78,8501, ｱｲﾁ    ,1,4,4,  ,0,181.1148,0,160.00,65824,0,181.1148,0,0
599,0,78,8506, ｱｲﾁ    ,1,4,4,  ,0,420.0000,0,0,0,0,420.0000,0,0
599,0,78,9999,ｱｲｷﾗﾘ   ,1,4,4,  ,40.00,274.8557,10994.2280,0,0,0,274.8557,0,0
599,0,80,8501, ｱｲﾁ    ,1,4,4,  ,0,244.7860,0,0,0,0,244.7860,0,0
599,0,80,8505, ｱｿ     ,1,4,4,  ,0,120.0000,0,0,0,0,120.0000,0,0
599,0,80,8505, ﾔﾂｼﾛ   ,1,4,4,  ,0,240.0000,0,0,0,0,240.0000,0,0
599,0,80,8506, ｱｲﾁ    ,1,4,4,  ,0,410.0000,0,0,0,0,410.0000,0,0
599,0,80,8506, ｱﾏｸｻ   ,1,4,4,  ,0,240.0000,0,0,0,0,240.0000,0,0
599,0,80,9999,ｱｲｷﾗﾘ   ,1,4,4,  ,160.00,260.0000,41600.0000,0,0,0,260.0000,0,0
599,0,83,8501, ｱｲﾁ    ,1,4,4,  ,0,240.0000,0,0,0,0,240.0000,0,0
599,0,83,8505, ｱｿ     ,1,4,4,  ,0,110.0000,0,0,0,0,110.0000,0,0
599,0,83,8505, ﾔﾂｼﾛ   ,1,4,4,  ,0,240.0000,0,0,0,0,240.0000,0,0
599,0,83,8506, ｱｲﾁ    ,1,4,4,  ,0,320.0000,0,0,0,0,320.0000,0,0
599,0,83,8506, ｱﾏｸｻ   ,1,4,4,  ,0,240.0000,0,0,0,0,240.0000,0,0
599,0,86,8501, ｱｲﾁ    ,1,4,4,  ,0,180.0000,0,0,0,0,180.0000,0,0
599,0,86,8506, ｱｲﾁ    ,1,4,4,  ,0,240.0000,0,0,0,0,240.0000,0,0
599,0,86,8506, ｱﾏｸｻ   ,1,4,4,  ,0,240.0000,0,0,0,0,240.0000,0,0
599,0,86,9999,ｱｲｷﾗﾘ   ,1,4,4,  ,0,160.0000,0,0,0,0,160.0000,0,0
599,0,89,8501, ｱｲﾁ    ,1,4,4,  ,0,192.1428,0,0,0,0,192.1428,0,0
599,0,89,8505, ｱｿ     ,1,4,4,  ,0,0,0,0,0,0,0,0,0
599,0,223,8505, ｱｿ     ,1,4,4,  ,0,0,0,0,0,0,0,0,0
599,0,550,9999,ｱｲｷﾗﾘ   ,1,4,4,  ,0,160.0000,0,0,0,0,160.0000,0,0
599,0,554,8501, ｱｲﾁ    ,1,4,4,  ,0,200.0000,0,0,0,0,200.0000,0,0
599,15,80,8501, ｱｲﾁ    ,1,4,4,  ,0,251.9465,0,0,0,0,251.9465,0,0
599,15,80,8506, ｱｲﾁ    ,1,4,4,  ,0,290.0000,0,0,0,0,290.0000,0,0
604,0,0,5284,        ,1,4,4,  ,0,0,0,0,0,0,0,0,0
604,8,78,5284,        ,1,4,4,  ,22.00,2343.7500,51562.5000,0,0,0,2343.7500,0,0
604,8,80,5284,        ,1,4,4,  ,23.00,2510.0000,57730.0000,0,0,0,2510.0000,0,0
605,0,0,8910,        ,2,0,0,  ,0,0,0,0,0,0,0,0,0
605,0,0,8910, ﾏﾙｴ    ,2,0,0,  ,0,3500.0000,0,0,0,0,3500.0000,0,0
609,8,78,5283,        ,1,4,4,  ,44.00,2427.3188,106802.0272,0,0,0,2427.3188,0,0
609,8,78,5811,        ,1,4,4,  ,0,2947.3684,0,0,0,0,2947.3684,0,0
609,12,78,5283,        ,1,4,4,  ,20.00,2757.7777,55155.5540,0,0,0,2757.7777,0,0
609,12,78,5811,        ,1,4,4,  ,0,0,0,0,0,0,0,0,0
609,86,78,5283,        ,1,4,4,  ,10.00,2120.0000,21200.0000,0,0,0,2120.0000,0,0
609,86,80,5283,        ,1,4,4,  ,0,0,0,0,0,0,0,0,0
612,8,78,5283,        ,1,0,0,  ,0,3181.8181,0,0,0,0,3181.8181,0,0
612,8,80,5283,        ,1,0,0,  ,0,4200.0000,0,3.00,12600,0,4200.0000,0,0
612,12,78,5283,        ,1,0,0,  ,0,3150.0000,0,0,0,0,3150.0000,0,0
612,12,80,5283,        ,1,0,0,  ,0,4000.0000,0,3.00,12000,0,4000.0000,0,0
612,86,78,5283,        ,1,0,0,  ,0,2800.0000,0,0,0,0,2800.0000,0,0
612,86,80,5283,        ,1,0,0,  ,0,3800.0000,0,0,0,0,3800.0000,0,0
624,0,0,5813,        ,1,0,0,  ,0,0,0,0,0,0,0,0,0
624,8,78,5813,        ,1,0,0,  ,0,2400.0000,0,0,0,0,2400.0000,0,0
624,8,78,5813, 8K     ,1,0,0,  ,0,4200.0000,0,0,0,0,4200.0000,0,0
624,8,80,5813,        ,1,0,0,  ,0,3000.0000,0,0,0,0,3000.0000,0,0
624,8,80,5813, 8K     ,1,0,0,  ,0,4200.0000,0,0,0,0,4200.0000,0,0
624,8,236,5813, 8K     ,1,0,0,  ,0,3400.0000,0,0,0,0,3400.0000,0,0
624,12,78,5813,        ,1,0,0,  ,0,2400.0000,0,0,0,0,2400.0000,0,0
624,12,78,5813, 8K     ,1,0,0,  ,0,4000.0000,0,0,0,0,4000.0000,0,0
624,12,80,5813,        ,1,0,0,  ,0,2800.0000,0,0,0,0,2800.0000,0,0
624,12,80,5813, 8K     ,1,0,0,  ,0,4500.0000,0,0,0,0,4500.0000,0,0
624,12,236,5813, 8K     ,1,0,0,  ,0,3200.0000,0,0,0,0,3200.0000,0,0
625,8,78,5283,        ,1,4,2,  ,37.00,3000.0000,111000.0000,10.00,38000,0,3000.0000,0,0
625,8,80,5283,        ,1,4,2,  ,0,4600.0000,0,10.00,46000,0,4600.0000,0,0
625,12,78,5283,        ,1,4,2,  ,22.00,2890.9090,63599.9980,7.00,25900,0,2890.9090,0,0
625,12,80,5283,        ,1,4,2,  ,0,4500.0000,0,5.00,22500,0,4500.0000,0,0
625,86,78,5283,        ,1,4,2,  ,66.00,2269.8918,149812.8588,14.00,50400,0,2269.8918,0,0
625,86,80,5283,        ,1,4,2,  ,0,4300.0000,0,8.00,34400,0,4300.0000,0,0
627,0,0,    ,        ,1,4,0,  ,0,0,0,0,0,0,0,0,0
627,8,78,5283,        ,1,4,0,  ,37.00,2571.3177,95138.7549,0,0,0,2571.3177,0,0
627,8,78,5808,        ,1,4,0,  ,45.00,1500.0000,67500.0000,0,0,0,1500.0000,0,0
627,8,80,5808,        ,1,4,0,  ,41.00,1988.0000,81508.0000,0,0,0,1988.0000,0,0
627,8,89,5808,        ,1,4,0,  ,0,1600.0000,0,0,0,0,1600.0000,0,0
627,12,78,5283,        ,1,4,0,  ,0,3000.0000,0,0,0,0,3000.0000,0,0
627,12,78,5808,        ,1,4,0,  ,2.00,2000.0000,4000.0000,0,0,0,2000.0000,0,0
627,12,80,5808,        ,1,4,0,  ,0,2500.0000,0,0,0,0,2500.0000,0,0
635,8,80,5442,        ,1,4,0,  ,0,2800.0000,0,0,0,0,2800.0000,0,0
635,8,80,5444,        ,1,4,0,  ,32.00,2622.3769,83916.0608,0,0,0,2622.3769,0,0
698,0,0,    ,        ,1,4,0,  ,0,0,0,0,0,0,0,0,0
698,0,1,    ,        ,1,4,0,  ,1.00,1600.0000,1600.0000,0,0,0,1600.0000,0,0
698,0,2,    ,        ,1,4,0,  ,0,3800.0000,0,1.00,3800,0,3800.0000,0,0
698,0,2,9999,ｸﾗｳﾝ    ,1,4,0,  ,0,6200.0000,0,1.00,6200,0,6200.0000,0,0
698,0,3,    ,        ,1,4,0,  ,1.00,4400.0000,4400.0000,0,0,0,4400.0000,0,0
698,0,3,9999,ｸﾗｳﾝ    ,1,4,0,  ,0,0,0,0,0,0,0,0,0
698,0,4,    ,        ,1,4,0,  ,0,8532.0000,0,0,0,0,8532.0000,0,0
698,0,5,    ,        ,1,4,0,  ,0,9500.0000,0,1.00,9500,0,9500.0000,0,0
698,0,5,9999,ｸﾗｳﾝ    ,1,4,0,  ,0,0,0,0,0,0,0,0,0
698,0,6,    ,        ,1,4,0,  ,0,13800.0000,0,0,0,0,13800.0000,0,0
698,0,8,    ,        ,1,4,0,  ,0,0,0,0,0,0,0,0,0
698,45,77,5811,        ,1,4,0,  ,19.00,2200.0000,41800.0000,0,0,0,2200.0000,0,0
698,45,78,5801,        ,1,4,0,  ,1.00,4500.0000,4500.0000,0,0,0,4500.0000,0,0
698,45,78,5811,        ,1,4,0,  ,0,4000.0000,0,0,0,0,4000.0000,0,0
698,45,83,5801,        ,1,4,0,  ,0,6600.0000,0,0,0,0,6600.0000,0,0
698,45,83,5811,        ,1,4,0,  ,0,6600.0000,0,0,0,0,6600.0000,0,0
698,45,86,5801,        ,1,4,0,  ,0,6000.0000,0,0,0,0,6000.0000,0,0
698,529,78,5801,        ,1,4,0,  ,0,4000.0000,0,0,0,0,4000.0000,0,0
698,529,80,5801,        ,1,4,0,  ,3.00,5000.0000,15000.0000,0,0,0,5000.0000,0,0
698,529,83,5801,        ,1,4,0,  ,0,6600.0000,0,0,0,0,6600.0000,0,0
698,529,83,5811,        ,1,4,0,  ,0,6600.0000,0,0,0,0,6600.0000,0,0
698,529,86,5801,        ,1,4,0,  ,0,6000.0000,0,0,0,0,6000.0000,0,0
699,8,80,8807, ﾏﾙｱｲ   ,1,4,4,  ,43.00,2200.0000,94600.0000,0,0,0,2200.0000,0,0
901,0,208,    ,        ,1,4,4,  ,40.00,560.0000,22400.0000,0,0,0,560.0000,0,0
944,47,208,5354,        ,1,4,0,  ,50.00,1700.0000,85000.0000,0,0,0,1700.0000,0,0
998,0,78,    ,        ,1,1,0,  ,0,0,0,0,0,0,0,0,0
998,0,78,5833, ﾀﾏｺﾞ   ,1,1,0,  ,0,0,0,0,0,0,0,0,0
998,30,78,5830,        ,1,1,0,  ,4.00,1850.0000,7400.0000,0,0,0,1850.0000,0,0
998,30,80,5830,        ,1,1,0,  ,26.00,1200.0000,31200.0000,0,0,0,1200.0000,0,0
998,47,80,5830,        ,1,1,0,  ,90.00,1150.0000,103500.0000,0,0,0,1150.0000,0,0
1099,47,86,5776,        ,1,4,4,  ,0,530.0000,0,0,0,0,530.0000,0,0
1099,48,86,5776,        ,1,4,4,  ,60.00,500.0000,30000.0000,0,0,0,500.0000,0,0
1099,48,89,5776,        ,1,4,4,  ,6.00,500.0000,3000.0000,0,0,0,500.0000,0,0
1298,0,10,    ,        ,2,0,0,  ,9.00,2350.0000,21150.0000,10.00,23500,0,2350.0000,0,0
1299,0,20,8906,        ,2,4,4,  ,0,6340.0000,0,0,0,0,6340.0000,0,0
1313,4,76,5231,        ,1,4,4,  ,0,400.0000,0,0,0,0,400.0000,0,0
1490,0,0,8907,        ,2,4,4,  ,0,0,0,0,0,0,0,0,0
1490,0,10,8907,        ,2,4,4,  ,16.00,1899.9993,30399.9888,12.00,22799,0,1899.9993,0,0
1499,0,0,5287,        ,2,4,4,  ,0,0,0,0,0,0,0,0,0
1499,28,0,5287,        ,2,4,4,  ,9.00,16200.0000,145800.0000,10.00,162000,0,16200.0000,0,0
1499,29,0,5287,        ,2,4,4,  ,46.00,10000.0424,460001.9504,43.00,430146,0,10000.0424,0,0
1501,0,0,    ,        ,2,3,2,  ,0,0,0,0,0,0,0,0,0
1501,48,0,    ,        ,2,3,2,  ,45.00,4224.8641,190118.8845,38.00,176289,0,4224.8641,0,0
1501,99,0,    ,        ,2,3,2,  ,32.00,4200.1354,134404.3328,42.00,196223,0,4200.1354,0,0
1502,0,0,5800,        ,2,3,2,  ,0,0,0,0,0,0,0,0,0
1502,0,0,5802,        ,2,3,2,  ,0,0,0,0,0,0,0,0,0
1502,0,0,5816,        ,2,3,2,  ,0,0,0,0,0,0,0,0,0
1502,8,77,    ,        ,2,3,2,  ,0,0,0,0,0,0,0,0,0
1502,8,77,5800,        ,2,3,2,  ,15.00,1500.0000,22500.0000,4.00,14400,0,1500.0000,0,0
1502,8,77,5801,        ,2,3,2,  ,0,2800.0000,0,0,0,0,2800.0000,0,0
1502,8,77,5802,        ,2,3,2,  ,26.00,1793.6847,46635.8022,0,0,0,1793.6847,0,0
1502,8,77,5816,        ,2,3,2,  ,0,1800.0000,0,8.00,28300,0,1800.0000,0,0
1502,8,78,5800,        ,2,3,2,  ,127.00,2800.0000,355600.0000,19.00,133782,0,2800.0000,0,0
1502,8,78,5801,        ,2,3,2,  ,5.00,4300.0000,21500.0000,0,0,0,4300.0000,0,0
1502,8,78,5802,        ,2,3,2,  ,64.00,3874.7074,247981.2736,0,0,0,3874.7074,0,0
1502,8,78,5816,        ,2,3,2,  ,0,4354.4698,0,73.00,506399,0,4354.4698,0,0
1502,8,80,5800,        ,2,3,2,  ,0,7000.0000,0,11.00,77000,0,7000.0000,0,0
1502,8,80,5801,        ,2,3,2,  ,0,7500.0000,0,1.00,7500,0,7500.0000,0,0
1502,8,80,5802,        ,2,3,2,  ,6.00,5500.0000,33000.0000,0,0,0,5500.0000,0,0
1502,8,80,5816,        ,2,3,2,  ,0,7000.0000,0,0,0,0,7000.0000,0,0
1502,8,83,5800,        ,2,3,2,  ,10.00,6714.2857,67142.8570,10.00,67142,0,6714.2857,0,0
1502,8,83,5816,        ,2,3,2,  ,7.00,7000.0000,49000.0000,9.00,63000,0,7000.0000,0,0
1502,8,92,5800,        ,2,3,2,  ,7.00,2000.0000,14000.0000,0,0,0,2000.0000,0,0
1502,8,94,5800,        ,2,3,2,  ,44.00,3000.0000,132000.0000,0,0,0,3000.0000,0,0
1502,8,95,5800,        ,2,3,2,  ,0,4000.0000,0,0,0,0,4000.0000,0,0
1502,8,543,5773,        ,2,3,2,  ,18.00,2942.4242,52963.6356,0,0,0,2942.4242,0,0
1502,12,77,5800,        ,2,3,2,  ,0,1489.9999,0,3.00,9900,0,1489.9999,0,0
1502,12,77,5802,        ,2,3,2,  ,0,1550.0000,0,0,0,0,1550.0000,0,0
1502,12,77,5816,        ,2,3,2,  ,0,2300.0000,0,0,0,0,2300.0000,0,0
1502,12,78,5800,        ,2,3,2,  ,0,2600.0000,0,2.00,13000,0,2600.0000,0,0
1502,12,78,5801,        ,2,3,2,  ,2.00,4288.0136,8576.0272,0,0,0,4288.0136,0,0
1502,12,78,5802,        ,2,3,2,  ,0,3212.5000,0,0,0,0,3212.5000,0,0
1502,12,78,5816,        ,2,3,2,  ,0,3928.5714,0,7.00,45500,0,3928.5714,0,0
1502,12,80,5800,        ,2,3,2,  ,0,6500.0000,0,10.00,65000,0,6500.0000,0,0
1502,12,80,5816,        ,2,3,2,  ,0,6500.0000,0,0,0,0,6500.0000,0,0
1502,12,83,5800,        ,2,3,2,  ,4.00,6500.0000,26000.0000,8.00,52000,0,6500.0000,0,0
1502,12,83,5816,        ,2,3,2,  ,0,6000.0000,0,2.00,12000,0,6000.0000,0,0
1502,12,92,5800,        ,2,3,2,  ,0,1800.0000,0,0,0,0,1800.0000,0,0
1502,12,94,5800,        ,2,3,2,  ,15.00,2500.0000,37500.0000,0,0,0,2500.0000,0,0
1502,12,95,5800,        ,2,3,2,  ,0,3500.0000,0,0,0,0,3500.0000,0,0
1502,86,78,5581,        ,2,3,2,  ,20.00,3875.0000,77500.0000,0,0,0,3875.0000,0,0
1502,86,236,5581,        ,2,3,2,  ,30.00,2366.6666,70999.9980,0,0,0,2366.6666,0,0
1503,0,0,5773,        ,2,3,2,  ,0,0,0,0,0,0,0,0,0
1503,0,0,5800,        ,2,3,2,  ,0,0,0,0,0,0,0,0,0
1503,0,80,9999,ﾋﾟﾉｶﾞｰﾙ ,2,3,2,  ,6.00,3300.0000,19800.0000,0,0,0,3300.0000,0,0
1503,8,78,5800,        ,2,3,2,  ,5.00,2600.0000,13000.0000,0,0,0,2600.0000,0,0
1503,8,78,5816,        ,2,3,2,  ,0,3900.0000,0,0,0,0,3900.0000,0,0
1503,8,80,5773,        ,2,3,2,  ,87.00,2400.0000,208800.0000,0,0,0,2400.0000,0,0
1503,8,80,5800,        ,2,3,2,  ,15.00,2589.4736,38842.1040,0,0,0,2589.4736,0,0
1503,12,78,5800,        ,2,3,2,  ,0,2400.0000,0,0,0,0,2400.0000,0,0
1503,12,80,5800,        ,2,3,2,  ,0,2750.0000,0,0,0,0,2750.0000,0,0
1506,0,30,    ,        ,2,3,3,  ,55.00,3845.7413,211515.7715,56.00,248031,0,3845.7413,0,0
1506,0,35,    ,        ,2,3,3,  ,0,2000.0000,0,0,0,0,2000.0000,0,0
1508,0,0,8002,        ,2,3,3,  ,0,0,0,0,0,0,0,0,0
1508,0,2,8002,        ,2,3,3,  ,0,0,0,0,0,0,0,0,0
1508,0,6,8002,        ,2,3,3,  ,0,0,0,0,0,0,0,0,0
1508,0,8,8002,        ,2,3,3,  ,0,3000.0000,0,5.00,15000,0,3000.0000,0,0
1508,0,10,8002,        ,2,3,3,  ,0,3600.0000,0,6.00,21600,0,3600.0000,0,0
1508,0,10,9999,H       ,2,3,3,  ,0,0,0,0,0,0,0,0,0
1512,0,0,9001,        ,2,3,0,  ,0,0,0,0,0,0,0,0,0
1512,0,10,    ,        ,2,3,0,  ,8.00,559.0909,4472.7272,6.00,3929,0,559.0909,0,0
1512,0,115,    ,        ,2,3,0,  ,11.00,6150.6029,67656.6319,6.00,46548,0,6150.6029,0,0
1512,0,140,    ,        ,2,3,0,  ,5.00,7500.0000,37500.0000,2.00,15000,0,7500.0000,0,0
1512,0,165,    ,        ,2,3,0,  ,2.00,4000.0000,8000.0000,2.00,8000,0,4000.0000,0,0
1512,0,208,    ,        ,2,3,0,  ,6.00,7357.4707,44144.8242,7.00,52598,0,7357.4707,0,0
1512,0,208,9999,ﾊﾝﾊﾟ    ,2,3,0,  ,0,3997.5000,0,0,0,0,3997.5000,0,0
1516,0,0,    ,        ,2,3,3,  ,10.00,3031.4989,30314.9890,19.00,74166,0,3031.4989,0,0
1532,621,0,    ,        ,2,3,3,  ,9.00,3280.0000,29520.0000,15.00,49200,0,3280.0000,0,0
1533,0,0,9001,        ,2,3,0,  ,0,0,0,0,0,0,0,0,0
1533,0,60,    ,        ,2,3,0,  ,0,6700.0000,0,0,0,0,6700.0000,0,0
1533,0,67,    ,        ,2,3,0,  ,0,5500.0000,0,0,0,0,5500.0000,0,0
1533,625,0,    ,        ,2,3,0,  ,14.00,4831.6897,67643.6558,10.00,49551,0,4831.6897,0,0
1533,631,0,    ,        ,2,3,0,  ,0,3130.0000,0,1.00,3130,0,3130.0000,0,0
1533,633,0,    ,        ,2,3,0,  ,10.00,3692.5219,36925.2190,16.00,63003,0,3692.5219,0,0
1533,633,0,9999,ｶﾗｶﾗ    ,2,3,0,  ,0,3950.0000,0,13.00,51350,0,3950.0000,0,0
1539,0,0,9999,10X10   ,2,0,0,  ,0,3400.0000,0,0,0,0,3400.0000,0,0
1539,625,0,    ,        ,2,0,0,  ,0,5600.0000,0,10.00,56000,0,5600.0000,0,0
1539,633,0,    ,        ,2,0,0,  ,3.00,3964.2701,11892.8103,14.00,58800,0,3964.2701,0,0
1599,0,0,9999,ﾏｰｺｯﾄ   ,2,3,3,  ,54.00,4760.0000,257040.0000,5.00,29400,0,4760.0000,0,0
1599,612,0,9999,ﾏﾝﾀﾞﾘﾝ  ,2,3,3,  ,0,4650.0000,0,2.00,9300,0,4650.0000,0,0
1599,631,0,9999,ﾏｰｺｯﾄ   ,2,3,3,  ,0,0,0,0,0,0,0,0,0
1599,635,0,9999,ﾏｰｺｯﾄ   ,2,3,3,  ,0,5820.0000,0,0,0,0,5820.0000,0,0
1608,0,0,5202,        ,1,4,4,  ,0,0,0,0,0,0,0,0,0
1608,4,89,5203,        ,1,4,4,  ,0,620.0000,0,0,0,0,620.0000,0,0
1608,8,83,5203,        ,1,4,4,  ,0,400.0000,0,24.00,9600,0,400.0000,0,0
1608,8,89,5203,        ,1,4,4,  ,0,400.0000,0,36.00,14400,0,400.0000,0,0
1608,17,89,5202,        ,1,4,4,  ,0,300.0000,0,0,0,0,300.0000,0,0
1703,0,0,    ,        ,1,3,0,  ,0,0,0,0,0,0,0,0,0
1703,0,0,9999,ﾏﾙｷﾝ    ,1,3,0,  ,0,0,0,0,0,0,0,0,0
1703,0,5,5904,        ,1,3,0,  ,0,0,0,0,0,0,0,0,0
1703,0,6,5904,        ,1,3,0,  ,0,0,0,0,0,0,0,0,0
1703,0,11,5904,        ,1,3,0,  ,1.00,2310.0000,2310.0000,0,0,0,2310.0000,0,0
1703,0,18,    ,        ,1,3,0,  ,0,0,0,0,0,0,0,0,0
1703,0,20,5901,        ,1,3,0,  ,0,3750.0000,0,0,0,0,3750.0000,0,0
1703,0,22,5902,        ,1,3,0,  ,0,3650.0000,0,0,0,0,3650.0000,0,0
1703,0,30,    ,        ,1,3,0,  ,1.00,4065.0000,4065.0000,0,0,0,4065.0000,0,0
1703,0,33,    ,        ,1,3,0,  ,0,0,0,0,0,0,0,0,0
2000,0,0,    ,        ,2,9,9,  ,0,95.0000,0,0,0,0,95.0000,0,0
4008,0,208,5600,        ,2,3,0,  ,20.00,400.0000,8000.0000,0,0,0,400.0000,0,0
4008,65,0,5667,        ,2,3,0,  ,0,326.3635,0,132.00,43079,0,326.3635,0,0
