"荷印コード","荷印名","検索カナ","汎用数値１","汎用数値２","汎用数値３","汎用数値４","汎用数値５","汎用日付１","汎用日付２","汎用日付３","汎用日付４","汎用日付５","汎用摘要１","汎用摘要２","汎用摘要３","汎用摘要４","汎用摘要５"
"0001",荷0001,ﾆ000,0.0000,0.0000,0.0000,0.0000,0.0000,,,,,,"","","","",""
"0002",荷0002,ﾆ000,0.0000,0.0000,0.0000,0.0000,0.0000,,,,,,"","","","",""
"0003",荷0003,ﾆ000,0.0000,0.0000,0.0000,0.0000,0.0000,,,,,,"","","","",""
"5000",荷5000,ﾆ500,0.0000,0.0000,0.0000,0.0000,0.0000,,,,,,"","","","",""
"5001",荷5001,ﾆ500,0.0000,0.0000,0.0000,0.0000,0.0000,,,,,,"","","","",""
"5002",荷5002,ﾆ500,0.0000,0.0000,0.0000,0.0000,0.0000,,,,,,"","","","",""
"5003",荷5003,ﾆ500,0.0000,0.0000,0.0000,0.0000,0.0000,,,,,,"","","","",""
"5004",荷5004,ﾆ500,0.0000,0.0000,0.0000,0.0000,0.0000,,,,,,"","","","",""
"5005",荷5005,ﾆ500,0.0000,0.0000,0.0000,0.0000,0.0000,,,,,,"","","","",""
"5006",荷5006,ﾆ500,0.0000,0.0000,0.0000,0.0000,0.0000,,,,,,"","","","",""
"5007",荷5007,ﾆ500,0.0000,0.0000,0.0000,0.0000,0.0000,,,,,,"","","","",""
"5008",荷5008,ﾆ500,0.0000,0.0000,0.0000,0.0000,0.0000,,,,,,"","","","",""
"5009",荷5009,ﾆ500,0.0000,0.0000,0.0000,0.0000,0.0000,,,,,,"","","","",""
"5010",荷5010,ﾆ501,0.0000,0.0000,0.0000,0.0000,0.0000,,,,,,"","","","",""
"5011",荷5011,ﾆ501,0.0000,0.0000,0.0000,0.0000,0.0000,,,,,,"","","","",""
"5012",荷5012,ﾆ501,0.0000,0.0000,0.0000,0.0000,0.0000,,,,,,"","","","",""
"5013",荷5013,ﾆ501,0.0000,0.0000,0.0000,0.0000,0.0000,,,,,,"","","","",""
"5014",荷5014,ﾆ501,0.0000,0.0000,0.0000,0.0000,0.0000,,,,,,"","","","",""
"5015",荷5015,ﾆ501,0.0000,0.0000,0.0000,0.0000,0.0000,,,,,,"","","","",""
"5016",荷5016,ﾆ501,0.0000,0.0000,0.0000,0.0000,0.0000,,,,,,"","","","",""
"5017",荷5017,ﾆ501,0.0000,0.0000,0.0000,0.0000,0.0000,,,,,,"","","","",""
"5018",荷5018,ﾆ501,0.0000,0.0000,0.0000,0.0000,0.0000,,,,,,"","","","",""
"5019",荷5019,ﾆ501,0.0000,0.0000,0.0000,0.0000,0.0000,,,,,,"","","","",""
"5020",荷5020,ﾆ502,0.0000,0.0000,0.0000,0.0000,0.0000,,,,,,"","","","",""
"5021",荷5021,ﾆ502,0.0000,0.0000,0.0000,0.0000,0.0000,,,,,,"","","","",""
"5022",荷5022,ﾆ502,0.0000,0.0000,0.0000,0.0000,0.0000,,,,,,"","","","",""
"5023",荷5023,ﾆ502,0.0000,0.0000,0.0000,0.0000,0.0000,,,,,,"","","","",""
"5024",荷5024,ﾆ502,0.0000,0.0000,0.0000,0.0000,0.0000,,,,,,"","","","",""
"5025",荷5025,ﾆ502,0.0000,0.0000,0.0000,0.0000,0.0000,,,,,,"","","","",""
"5026",荷5026,ﾆ502,0.0000,0.0000,0.0000,0.0000,0.0000,,,,,,"","","","",""
"5027",荷5027,ﾆ502,0.0000,0.0000,0.0000,0.0000,0.0000,,,,,,"","","","",""
"5028",荷5028,ﾆ502,0.0000,0.0000,0.0000,0.0000,0.0000,,,,,,"","","","",""
"5029",荷5029,ﾆ502,0.0000,0.0000,0.0000,0.0000,0.0000,,,,,,"","","","",""
"5030",荷5030,ﾆ503,0.0000,0.0000,0.0000,0.0000,0.0000,,,,,,"","","","",""
"5031",荷5031,ﾆ503,0.0000,0.0000,0.0000,0.0000,0.0000,,,,,,"","","","",""
"5032",荷5032,ﾆ503,0.0000,0.0000,0.0000,0.0000,0.0000,,,,,,"","","","",""
"5033",荷5033,ﾆ503,0.0000,0.0000,0.0000,0.0000,0.0000,,,,,,"","","","",""
"5034",荷5034,ﾆ503,0.0000,0.0000,0.0000,0.0000,0.0000,,,,,,"","","","",""
"5035",荷5035,ﾆ503,0.0000,0.0000,0.0000,0.0000,0.0000,,,,,,"","","","",""
"5036",荷5036,ﾆ503,0.0000,0.0000,0.0000,0.0000,0.0000,,,,,,"","","","",""
"5037",荷5037,ﾆ503,0.0000,0.0000,0.0000,0.0000,0.0000,,,,,,"","","","",""
"5038",荷5038,ﾆ503,0.0000,0.0000,0.0000,0.0000,0.0000,,,,,,"","","","",""
"5039",荷5039,ﾆ503,0.0000,0.0000,0.0000,0.0000,0.0000,,,,,,"","","","",""
"5040",荷5040,ﾆ504,0.0000,0.0000,0.0000,0.0000,0.0000,,,,,,"","","","",""
"5041",荷5041,ﾆ504,0.0000,0.0000,0.0000,0.0000,0.0000,,,,,,"","","","",""
"5042",荷5042,ﾆ504,0.0000,0.0000,0.0000,0.0000,0.0000,,,,,,"","","","",""
"5043",荷5043,ﾆ504,0.0000,0.0000,0.0000,0.0000,0.0000,,,,,,"","","","",""
"5044",荷5044,ﾆ504,0.0000,0.0000,0.0000,0.0000,0.0000,,,,,,"","","","",""
"5045",荷5045,ﾆ504,0.0000,0.0000,0.0000,0.0000,0.0000,,,,,,"","","","",""
"5046",荷5046,ﾆ504,0.0000,0.0000,0.0000,0.0000,0.0000,,,,,,"","","","",""
"5047",荷5047,ﾆ504,0.0000,0.0000,0.0000,0.0000,0.0000,,,,,,"","","","",""
"5048",荷5048,ﾆ504,0.0000,0.0000,0.0000,0.0000,0.0000,,,,,,"","","","",""
"5049",荷5049,ﾆ504,0.0000,0.0000,0.0000,0.0000,0.0000,,,,,,"","","","",""
"5050",荷5050,ﾆ505,0.0000,0.0000,0.0000,0.0000,0.0000,,,,,,"","","","",""
"5051",荷5051,ﾆ505,0.0000,0.0000,0.0000,0.0000,0.0000,,,,,,"","","","",""
"5052",荷5052,ﾆ505,0.0000,0.0000,0.0000,0.0000,0.0000,,,,,,"","","","",""
"5053",荷5053,ﾆ505,0.0000,0.0000,0.0000,0.0000,0.0000,,,,,,"","","","",""
"5054",荷5054,ﾆ505,0.0000,0.0000,0.0000,0.0000,0.0000,,,,,,"","","","",""
"5055",荷5055,ﾆ505,0.0000,0.0000,0.0000,0.0000,0.0000,,,,,,"","","","",""
"5056",荷5056,ﾆ505,0.0000,0.0000,0.0000,0.0000,0.0000,,,,,,"","","","",""
"5057",荷5057,ﾆ505,0.0000,0.0000,0.0000,0.0000,0.0000,,,,,,"","","","",""
"5058",荷5058,ﾆ505,0.0000,0.0000,0.0000,0.0000,0.0000,,,,,,"","","","",""
"5059",荷5059,ﾆ505,0.0000,0.0000,0.0000,0.0000,0.0000,,,,,,"","","","",""
"5060",荷5060,ﾆ506,0.0000,0.0000,0.0000,0.0000,0.0000,,,,,,"","","","",""
"5061",荷5061,ﾆ506,0.0000,0.0000,0.0000,0.0000,0.0000,,,,,,"","","","",""
"5062",荷5062,ﾆ506,0.0000,0.0000,0.0000,0.0000,0.0000,,,,,,"","","","",""
"5063",荷5063,ﾆ506,0.0000,0.0000,0.0000,0.0000,0.0000,,,,,,"","","","",""
"5064",荷5064,ﾆ506,0.0000,0.0000,0.0000,0.0000,0.0000,,,,,,"","","","",""
"5065",荷5065,ﾆ506,0.0000,0.0000,0.0000,0.0000,0.0000,,,,,,"","","","",""
"5066",荷5066,ﾆ506,0.0000,0.0000,0.0000,0.0000,0.0000,,,,,,"","","","",""
"5067",荷5067,ﾆ506,0.0000,0.0000,0.0000,0.0000,0.0000,,,,,,"","","","",""
"5068",荷5068,ﾆ506,0.0000,0.0000,0.0000,0.0000,0.0000,,,,,,"","","","",""
"5069",荷5069,ﾆ506,0.0000,0.0000,0.0000,0.0000,0.0000,,,,,,"","","","",""
"5070",荷5070,ﾆ507,0.0000,0.0000,0.0000,0.0000,0.0000,,,,,,"","","","",""
"5071",荷5071,ﾆ507,0.0000,0.0000,0.0000,0.0000,0.0000,,,,,,"","","","",""
"5072",荷5072,ﾆ507,0.0000,0.0000,0.0000,0.0000,0.0000,,,,,,"","","","",""
"5073",荷5073,ﾆ507,0.0000,0.0000,0.0000,0.0000,0.0000,,,,,,"","","","",""
"5074",荷5074,ﾆ507,0.0000,0.0000,0.0000,0.0000,0.0000,,,,,,"","","","",""
"5075",荷5075,ﾆ507,0.0000,0.0000,0.0000,0.0000,0.0000,,,,,,"","","","",""
"5076",荷5076,ﾆ507,0.0000,0.0000,0.0000,0.0000,0.0000,,,,,,"","","","",""
"5077",荷5077,ﾆ507,0.0000,0.0000,0.0000,0.0000,0.0000,,,,,,"","","","",""
"5078",荷5078,ﾆ507,0.0000,0.0000,0.0000,0.0000,0.0000,,,,,,"","","","",""
"5079",荷5079,ﾆ507,0.0000,0.0000,0.0000,0.0000,0.0000,,,,,,"","","","",""
"5080",荷5080,ﾆ508,0.0000,0.0000,0.0000,0.0000,0.0000,,,,,,"","","","",""
"5081",荷5081,ﾆ508,0.0000,0.0000,0.0000,0.0000,0.0000,,,,,,"","","","",""
"5082",荷5082,ﾆ508,0.0000,0.0000,0.0000,0.0000,0.0000,,,,,,"","","","",""
"5083",荷5083,ﾆ508,0.0000,0.0000,0.0000,0.0000,0.0000,,,,,,"","","","",""
"5084",荷5084,ﾆ508,0.0000,0.0000,0.0000,0.0000,0.0000,,,,,,"","","","",""
"5085",荷5085,ﾆ508,0.0000,0.0000,0.0000,0.0000,0.0000,,,,,,"","","","",""
"5086",荷5086,ﾆ508,0.0000,0.0000,0.0000,0.0000,0.0000,,,,,,"","","","",""
"5087",荷5087,ﾆ508,0.0000,0.0000,0.0000,0.0000,0.0000,,,,,,"","","","",""
"5088",荷5088,ﾆ508,0.0000,0.0000,0.0000,0.0000,0.0000,,,,,,"","","","",""
"5089",荷5089,ﾆ508,0.0000,0.0000,0.0000,0.0000,0.0000,,,,,,"","","","",""
"5090",荷5090,ﾆ509,0.0000,0.0000,0.0000,0.0000,0.0000,,,,,,"","","","",""
"5091",荷5091,ﾆ509,0.0000,0.0000,0.0000,0.0000,0.0000,,,,,,"","","","",""
"5092",荷5092,ﾆ509,0.0000,0.0000,0.0000,0.0000,0.0000,,,,,,"","","","",""
"5093",荷5093,ﾆ509,0.0000,0.0000,0.0000,0.0000,0.0000,,,,,,"","","","",""
"5094",荷5094,ﾆ509,0.0000,0.0000,0.0000,0.0000,0.0000,,,,,,"","","","",""
"5095",荷5095,ﾆ509,0.0000,0.0000,0.0000,0.0000,0.0000,,,,,,"","","","",""
"5096",荷5096,ﾆ509,0.0000,0.0000,0.0000,0.0000,0.0000,,,,,,"","","","",""
"5097",荷5097,ﾆ509,0.0000,0.0000,0.0000,0.0000,0.0000,,,,,,"","","","",""
"5098",荷5098,ﾆ509,0.0000,0.0000,0.0000,0.0000,0.0000,,,,,,"","","","",""
"5099",荷5099,ﾆ509,0.0000,0.0000,0.0000,0.0000,0.0000,,,,,,"","","","",""
"5100",荷5100,ﾆ510,0.0000,0.0000,0.0000,0.0000,0.0000,,,,,,"","","","",""
"5101",荷5101,ﾆ510,0.0000,0.0000,0.0000,0.0000,0.0000,,,,,,"","","","",""
"5102",荷5102,ﾆ510,0.0000,0.0000,0.0000,0.0000,0.0000,,,,,,"","","","",""
"5103",荷5103,ﾆ510,0.0000,0.0000,0.0000,0.0000,0.0000,,,,,,"","","","",""
"5104",荷5104,ﾆ510,0.0000,0.0000,0.0000,0.0000,0.0000,,,,,,"","","","",""
"5105",荷5105,ﾆ510,0.0000,0.0000,0.0000,0.0000,0.0000,,,,,,"","","","",""
"5106",荷5106,ﾆ510,0.0000,0.0000,0.0000,0.0000,0.0000,,,,,,"","","","",""
"5107",荷5107,ﾆ510,0.0000,0.0000,0.0000,0.0000,0.0000,,,,,,"","","","",""
"5108",荷5108,ﾆ510,0.0000,0.0000,0.0000,0.0000,0.0000,,,,,,"","","","",""
"5109",荷5109,ﾆ510,0.0000,0.0000,0.0000,0.0000,0.0000,,,,,,"","","","",""
"5110",荷5110,ﾆ511,0.0000,0.0000,0.0000,0.0000,0.0000,,,,,,"","","","",""
"5111",荷5111,ﾆ511,0.0000,0.0000,0.0000,0.0000,0.0000,,,,,,"","","","",""
"5112",荷5112,ﾆ511,0.0000,0.0000,0.0000,0.0000,0.0000,,,,,,"","","","",""
"5113",荷5113,ﾆ511,0.0000,0.0000,0.0000,0.0000,0.0000,,,,,,"","","","",""
"5114",荷5114,ﾆ511,0.0000,0.0000,0.0000,0.0000,0.0000,,,,,,"","","","",""
"5115",荷5115,ﾆ511,0.0000,0.0000,0.0000,0.0000,0.0000,,,,,,"","","","",""
"5116",荷5116,ﾆ511,0.0000,0.0000,0.0000,0.0000,0.0000,,,,,,"","","","",""
"5117",荷5117,ﾆ511,0.0000,0.0000,0.0000,0.0000,0.0000,,,,,,"","","","",""
"5118",荷5118,ﾆ511,0.0000,0.0000,0.0000,0.0000,0.0000,,,,,,"","","","",""
"5119",荷5119,ﾆ511,0.0000,0.0000,0.0000,0.0000,0.0000,,,,,,"","","","",""
"5120",荷5120,ﾆ512,0.0000,0.0000,0.0000,0.0000,0.0000,,,,,,"","","","",""
"5121",荷5121,ﾆ512,0.0000,0.0000,0.0000,0.0000,0.0000,,,,,,"","","","",""
"5122",荷5122,ﾆ512,0.0000,0.0000,0.0000,0.0000,0.0000,,,,,,"","","","",""
"5123",荷5123,ﾆ512,0.0000,0.0000,0.0000,0.0000,0.0000,,,,,,"","","","",""
"5124",荷5124,ﾆ512,0.0000,0.0000,0.0000,0.0000,0.0000,,,,,,"","","","",""
"5125",荷5125,ﾆ512,0.0000,0.0000,0.0000,0.0000,0.0000,,,,,,"","","","",""
"5126",荷5126,ﾆ512,0.0000,0.0000,0.0000,0.0000,0.0000,,,,,,"","","","",""
"5127",荷5127,ﾆ512,0.0000,0.0000,0.0000,0.0000,0.0000,,,,,,"","","","",""
"5128",荷5128,ﾆ512,0.0000,0.0000,0.0000,0.0000,0.0000,,,,,,"","","","",""
"5129",荷5129,ﾆ512,0.0000,0.0000,0.0000,0.0000,0.0000,,,,,,"","","","",""
"5130",荷5130,ﾆ513,0.0000,0.0000,0.0000,0.0000,0.0000,,,,,,"","","","",""
"5131",荷5131,ﾆ513,0.0000,0.0000,0.0000,0.0000,0.0000,,,,,,"","","","",""
"5132",荷5132,ﾆ513,0.0000,0.0000,0.0000,0.0000,0.0000,,,,,,"","","","",""
"5133",荷5133,ﾆ513,0.0000,0.0000,0.0000,0.0000,0.0000,,,,,,"","","","",""
"5134",荷5134,ﾆ513,0.0000,0.0000,0.0000,0.0000,0.0000,,,,,,"","","","",""
"5135",荷5135,ﾆ513,0.0000,0.0000,0.0000,0.0000,0.0000,,,,,,"","","","",""
"5136",荷5136,ﾆ513,0.0000,0.0000,0.0000,0.0000,0.0000,,,,,,"","","","",""
"5137",荷5137,ﾆ513,0.0000,0.0000,0.0000,0.0000,0.0000,,,,,,"","","","",""
"5138",荷5138,ﾆ513,0.0000,0.0000,0.0000,0.0000,0.0000,,,,,,"","","","",""
"5139",荷5139,ﾆ513,0.0000,0.0000,0.0000,0.0000,0.0000,,,,,,"","","","",""
"5140",荷5140,ﾆ514,0.0000,0.0000,0.0000,0.0000,0.0000,,,,,,"","","","",""
"5141",荷5141,ﾆ514,0.0000,0.0000,0.0000,0.0000,0.0000,,,,,,"","","","",""
"5142",荷5142,ﾆ514,0.0000,0.0000,0.0000,0.0000,0.0000,,,,,,"","","","",""
"5143",荷5143,ﾆ514,0.0000,0.0000,0.0000,0.0000,0.0000,,,,,,"","","","",""
"5144",荷5144,ﾆ514,0.0000,0.0000,0.0000,0.0000,0.0000,,,,,,"","","","",""
"5145",荷5145,ﾆ514,0.0000,0.0000,0.0000,0.0000,0.0000,,,,,,"","","","",""
"5146",荷5146,ﾆ514,0.0000,0.0000,0.0000,0.0000,0.0000,,,,,,"","","","",""
"5147",荷5147,ﾆ514,0.0000,0.0000,0.0000,0.0000,0.0000,,,,,,"","","","",""
"5148",荷5148,ﾆ514,0.0000,0.0000,0.0000,0.0000,0.0000,,,,,,"","","","",""
"5149",荷5149,ﾆ514,0.0000,0.0000,0.0000,0.0000,0.0000,,,,,,"","","","",""
"5150",荷5150,ﾆ515,0.0000,0.0000,0.0000,0.0000,0.0000,,,,,,"","","","",""
"5151",荷5151,ﾆ515,0.0000,0.0000,0.0000,0.0000,0.0000,,,,,,"","","","",""
"5152",荷5152,ﾆ515,0.0000,0.0000,0.0000,0.0000,0.0000,,,,,,"","","","",""
"5153",荷5153,ﾆ515,0.0000,0.0000,0.0000,0.0000,0.0000,,,,,,"","","","",""
"5154",荷5154,ﾆ515,0.0000,0.0000,0.0000,0.0000,0.0000,,,,,,"","","","",""
"5155",荷5155,ﾆ515,0.0000,0.0000,0.0000,0.0000,0.0000,,,,,,"","","","",""
"5156",荷5156,ﾆ515,0.0000,0.0000,0.0000,0.0000,0.0000,,,,,,"","","","",""
"5157",荷5157,ﾆ515,0.0000,0.0000,0.0000,0.0000,0.0000,,,,,,"","","","",""
"5158",荷5158,ﾆ515,0.0000,0.0000,0.0000,0.0000,0.0000,,,,,,"","","","",""
"5159",荷5159,ﾆ515,0.0000,0.0000,0.0000,0.0000,0.0000,,,,,,"","","","",""
"5161",荷5161,ﾆ516,0.0000,0.0000,0.0000,0.0000,0.0000,,,,,,"","","","",""
"5162",荷5162,ﾆ516,0.0000,0.0000,0.0000,0.0000,0.0000,,,,,,"","","","",""
"5163",荷5163,ﾆ516,0.0000,0.0000,0.0000,0.0000,0.0000,,,,,,"","","","",""
"5164",荷5164,ﾆ516,0.0000,0.0000,0.0000,0.0000,0.0000,,,,,,"","","","",""
"5165",荷5165,ﾆ516,0.0000,0.0000,0.0000,0.0000,0.0000,,,,,,"","","","",""
"5170",荷5170,ﾆ517,0.0000,0.0000,0.0000,0.0000,0.0000,,,,,,"","","","",""
"5171",荷5171,ﾆ517,0.0000,0.0000,0.0000,0.0000,0.0000,,,,,,"","","","",""
"5172",荷5172,ﾆ517,0.0000,0.0000,0.0000,0.0000,0.0000,,,,,,"","","","",""
"5173",荷5173,ﾆ517,0.0000,0.0000,0.0000,0.0000,0.0000,,,,,,"","","","",""
"5174",荷5174,ﾆ517,0.0000,0.0000,0.0000,0.0000,0.0000,,,,,,"","","","",""
"5175",荷5175,ﾆ517,0.0000,0.0000,0.0000,0.0000,0.0000,,,,,,"","","","",""
"5176",荷5176,ﾆ517,0.0000,0.0000,0.0000,0.0000,0.0000,,,,,,"","","","",""
"5177",荷5177,ﾆ517,0.0000,0.0000,0.0000,0.0000,0.0000,,,,,,"","","","",""
"5178",荷5178,ﾆ517,0.0000,0.0000,0.0000,0.0000,0.0000,,,,,,"","","","",""
"5190",荷5190,ﾆ519,0.0000,0.0000,0.0000,0.0000,0.0000,,,,,,"","","","",""
"5200",荷5200,ﾆ520,0.0000,0.0000,0.0000,0.0000,0.0000,,,,,,"","","","",""
"5201",荷5201,ﾆ520,0.0000,0.0000,0.0000,0.0000,0.0000,,,,,,"","","","",""
"5202",荷5202,ﾆ520,0.0000,0.0000,0.0000,0.0000,0.0000,,,,,,"","","","",""
"5203",荷5203,ﾆ520,0.0000,0.0000,0.0000,0.0000,0.0000,,,,,,"","","","",""
"5204",荷5204,ﾆ520,0.0000,0.0000,0.0000,0.0000,0.0000,,,,,,"","","","",""
"5205",荷5205,ﾆ520,0.0000,0.0000,0.0000,0.0000,0.0000,,,,,,"","","","",""
"5206",荷5206,ﾆ520,0.0000,0.0000,0.0000,0.0000,0.0000,,,,,,"","","","",""
"5207",荷5207,ﾆ520,0.0000,0.0000,0.0000,0.0000,0.0000,,,,,,"","","","",""
"5208",荷5208,ﾆ520,0.0000,0.0000,0.0000,0.0000,0.0000,,,,,,"","","","",""
"5209",荷5209,ﾆ520,0.0000,0.0000,0.0000,0.0000,0.0000,,,,,,"","","","",""
"5210",荷5210,ﾆ521,0.0000,0.0000,0.0000,0.0000,0.0000,,,,,,"","","","",""
"5211",荷5211,ﾆ521,0.0000,0.0000,0.0000,0.0000,0.0000,,,,,,"","","","",""
"5212",荷5212,ﾆ521,0.0000,0.0000,0.0000,0.0000,0.0000,,,,,,"","","","",""
"5213",荷5213,ﾆ521,0.0000,0.0000,0.0000,0.0000,0.0000,,,,,,"","","","",""
"5214",荷5214,ﾆ521,0.0000,0.0000,0.0000,0.0000,0.0000,,,,,,"","","","",""
"5230",荷5230,ﾆ523,0.0000,0.0000,0.0000,0.0000,0.0000,,,,,,"","","","",""
"5231",荷5231,ﾆ523,0.0000,0.0000,0.0000,0.0000,0.0000,,,,,,"","","","",""
"5232",荷5232,ﾆ523,0.0000,0.0000,0.0000,0.0000,0.0000,,,,,,"","","","",""
"5233",荷5233,ﾆ523,0.0000,0.0000,0.0000,0.0000,0.0000,,,,,,"","","","",""
"5234",荷5234,ﾆ523,0.0000,0.0000,0.0000,0.0000,0.0000,,,,,,"","","","",""
"5250",荷5250,ﾆ525,0.0000,0.0000,0.0000,0.0000,0.0000,,,,,,"","","","",""
"5251",荷5251,ﾆ525,0.0000,0.0000,0.0000,0.0000,0.0000,,,,,,"","","","",""
"5252",荷5252,ﾆ525,0.0000,0.0000,0.0000,0.0000,0.0000,,,,,,"","","","",""
"5253",荷5253,ﾆ525,0.0000,0.0000,0.0000,0.0000,0.0000,,,,,,"","","","",""
"5254",荷5254,ﾆ525,0.0000,0.0000,0.0000,0.0000,0.0000,,,,,,"","","","",""
"5255",荷5255,ﾆ525,0.0000,0.0000,0.0000,0.0000,0.0000,,,,,,"","","","",""
"5256",荷5256,ﾆ525,0.0000,0.0000,0.0000,0.0000,0.0000,,,,,,"","","","",""
"5257",荷5257,ﾆ525,0.0000,0.0000,0.0000,0.0000,0.0000,,,,,,"","","","",""
"5280",荷5280,ﾆ528,0.0000,0.0000,0.0000,0.0000,0.0000,,,,,,"","","","",""
"5281",荷5281,ﾆ528,0.0000,0.0000,0.0000,0.0000,0.0000,,,,,,"","","","",""
"5282",荷5282,ﾆ528,0.0000,0.0000,0.0000,0.0000,0.0000,,,,,,"","","","",""
"5283",荷5283,ﾆ528,0.0000,0.0000,0.0000,0.0000,0.0000,,,,,,"","","","",""
"5284",荷5284,ﾆ528,0.0000,0.0000,0.0000,0.0000,0.0000,,,,,,"","","","",""
"5285",荷5285,ﾆ528,0.0000,0.0000,0.0000,0.0000,0.0000,,,,,,"","","","",""
"5286",荷5286,ﾆ528,0.0000,0.0000,0.0000,0.0000,0.0000,,,,,,"","","","",""
"5287",荷5287,ﾆ528,0.0000,0.0000,0.0000,0.0000,0.0000,,,,,,"","","","",""
"5288",荷5288,ﾆ528,0.0000,0.0000,0.0000,0.0000,0.0000,,,,,,"","","","",""
"5300",荷5300,ﾆ530,0.0000,0.0000,0.0000,0.0000,0.0000,,,,,,"","","","",""
"5301",荷5301,ﾆ530,0.0000,0.0000,0.0000,0.0000,0.0000,,,,,,"","","","",""
"5302",荷5302,ﾆ530,0.0000,0.0000,0.0000,0.0000,0.0000,,,,,,"","","","",""
"5303",荷5303,ﾆ530,0.0000,0.0000,0.0000,0.0000,0.0000,,,,,,"","","","",""
"5304",荷5304,ﾆ530,0.0000,0.0000,0.0000,0.0000,0.0000,,,,,,"","","","",""
"5305",荷5305,ﾆ530,0.0000,0.0000,0.0000,0.0000,0.0000,,,,,,"","","","",""
"5306",荷5306,ﾆ530,0.0000,0.0000,0.0000,0.0000,0.0000,,,,,,"","","","",""
"5307",荷5307,ﾆ530,0.0000,0.0000,0.0000,0.0000,0.0000,,,,,,"","","","",""
"5308",荷5308,ﾆ530,0.0000,0.0000,0.0000,0.0000,0.0000,,,,,,"","","","",""
"5309",荷5309,ﾆ530,0.0000,0.0000,0.0000,0.0000,0.0000,,,,,,"","","","",""
"5310",荷5310,ﾆ531,0.0000,0.0000,0.0000,0.0000,0.0000,,,,,,"","","","",""
"5311",荷5311,ﾆ531,0.0000,0.0000,0.0000,0.0000,0.0000,,,,,,"","","","",""
"5312",荷5312,ﾆ531,0.0000,0.0000,0.0000,0.0000,0.0000,,,,,,"","","","",""
"5313",荷5313,ﾆ531,0.0000,0.0000,0.0000,0.0000,0.0000,,,,,,"","","","",""
"5314",荷5314,ﾆ531,0.0000,0.0000,0.0000,0.0000,0.0000,,,,,,"","","","",""
"5315",荷5315,ﾆ531,0.0000,0.0000,0.0000,0.0000,0.0000,,,,,,"","","","",""
"5316",荷5316,ﾆ531,0.0000,0.0000,0.0000,0.0000,0.0000,,,,,,"","","","",""
"5317",荷5317,ﾆ531,0.0000,0.0000,0.0000,0.0000,0.0000,,,,,,"","","","",""
"5318",荷5318,ﾆ531,0.0000,0.0000,0.0000,0.0000,0.0000,,,,,,"","","","",""
"5319",荷5319,ﾆ531,0.0000,0.0000,0.0000,0.0000,0.0000,,,,,,"","","","",""
"5320",荷5320,ﾆ532,0.0000,0.0000,0.0000,0.0000,0.0000,,,,,,"","","","",""
"5335",荷5335,ﾆ533,0.0000,0.0000,0.0000,0.0000,0.0000,,,,,,"","","","",""
"5336",荷5336,ﾆ533,0.0000,0.0000,0.0000,0.0000,0.0000,,,,,,"","","","",""
"5337",荷5337,ﾆ533,0.0000,0.0000,0.0000,0.0000,0.0000,,,,,,"","","","",""
"5338",荷5338,ﾆ533,0.0000,0.0000,0.0000,0.0000,0.0000,,,,,,"","","","",""
"5340",荷5340,ﾆ534,0.0000,0.0000,0.0000,0.0000,0.0000,,,,,,"","","","",""
"5341",荷5341,ﾆ534,0.0000,0.0000,0.0000,0.0000,0.0000,,,,,,"","","","",""
"5342",荷5342,ﾆ534,0.0000,0.0000,0.0000,0.0000,0.0000,,,,,,"","","","",""
"5350",荷5350,ﾆ535,0.0000,0.0000,0.0000,0.0000,0.0000,,,,,,"","","","",""
"5351",荷5351,ﾆ535,0.0000,0.0000,0.0000,0.0000,0.0000,,,,,,"","","","",""
"5352",荷5352,ﾆ535,0.0000,0.0000,0.0000,0.0000,0.0000,,,,,,"","","","",""
"5353",荷5353,ﾆ535,0.0000,0.0000,0.0000,0.0000,0.0000,,,,,,"","","","",""
"5354",荷5354,ﾆ535,0.0000,0.0000,0.0000,0.0000,0.0000,,,,,,"","","","",""
"5355",荷5355,ﾆ535,0.0000,0.0000,0.0000,0.0000,0.0000,,,,,,"","","","",""
"5356",荷5356,ﾆ535,0.0000,0.0000,0.0000,0.0000,0.0000,,,,,,"","","","",""
"5357",荷5357,ﾆ535,0.0000,0.0000,0.0000,0.0000,0.0000,,,,,,"","","","",""
"5358",荷5358,ﾆ535,0.0000,0.0000,0.0000,0.0000,0.0000,,,,,,"","","","",""
"5359",荷5359,ﾆ535,0.0000,0.0000,0.0000,0.0000,0.0000,,,,,,"","","","",""
"5360",荷5360,ﾆ536,0.0000,0.0000,0.0000,0.0000,0.0000,,,,,,"","","","",""
"5361",荷5361,ﾆ536,0.0000,0.0000,0.0000,0.0000,0.0000,,,,,,"","","","",""
"5362",荷5362,ﾆ536,0.0000,0.0000,0.0000,0.0000,0.0000,,,,,,"","","","",""
"5363",荷5363,ﾆ536,0.0000,0.0000,0.0000,0.0000,0.0000,,,,,,"","","","",""
"5364",荷5364,ﾆ536,0.0000,0.0000,0.0000,0.0000,0.0000,,,,,,"","","","",""
"5365",荷5365,ﾆ536,0.0000,0.0000,0.0000,0.0000,0.0000,,,,,,"","","","",""
"5366",荷5366,ﾆ536,0.0000,0.0000,0.0000,0.0000,0.0000,,,,,,"","","","",""
"5367",荷5367,ﾆ536,0.0000,0.0000,0.0000,0.0000,0.0000,,,,,,"","","","",""
"5368",荷5368,ﾆ536,0.0000,0.0000,0.0000,0.0000,0.0000,,,,,,"","","","",""
"5369",荷5369,ﾆ536,0.0000,0.0000,0.0000,0.0000,0.0000,,,,,,"","","","",""
"5370",荷5370,ﾆ537,0.0000,0.0000,0.0000,0.0000,0.0000,,,,,,"","","","",""
"5371",荷5371,ﾆ537,0.0000,0.0000,0.0000,0.0000,0.0000,,,,,,"","","","",""
"5372",荷5372,ﾆ537,0.0000,0.0000,0.0000,0.0000,0.0000,,,,,,"","","","",""
"5373",荷5373,ﾆ537,0.0000,0.0000,0.0000,0.0000,0.0000,,,,,,"","","","",""
"5374",荷5374,ﾆ537,0.0000,0.0000,0.0000,0.0000,0.0000,,,,,,"","","","",""
"5375",荷5375,ﾆ537,0.0000,0.0000,0.0000,0.0000,0.0000,,,,,,"","","","",""
"5376",荷5376,ﾆ537,0.0000,0.0000,0.0000,0.0000,0.0000,,,,,,"","","","",""
"5377",荷5377,ﾆ537,0.0000,0.0000,0.0000,0.0000,0.0000,,,,,,"","","","",""
"5378",荷5378,ﾆ537,0.0000,0.0000,0.0000,0.0000,0.0000,,,,,,"","","","",""
"5379",荷5379,ﾆ537,0.0000,0.0000,0.0000,0.0000,0.0000,,,,,,"","","","",""
"5400",荷5400,ﾆ540,0.0000,0.0000,0.0000,0.0000,0.0000,,,,,,"","","","",""
"5401",荷5401,ﾆ540,0.0000,0.0000,0.0000,0.0000,0.0000,,,,,,"","","","",""
"5402",荷5402,ﾆ540,0.0000,0.0000,0.0000,0.0000,0.0000,,,,,,"","","","",""
"5403",荷5403,ﾆ540,0.0000,0.0000,0.0000,0.0000,0.0000,,,,,,"","","","",""
"5404",荷5404,ﾆ540,0.0000,0.0000,0.0000,0.0000,0.0000,,,,,,"","","","",""
"5405",荷5405,ﾆ540,0.0000,0.0000,0.0000,0.0000,0.0000,,,,,,"","","","",""
"5406",荷5406,ﾆ540,0.0000,0.0000,0.0000,0.0000,0.0000,,,,,,"","","","",""
"5410",荷5410,ﾆ541,0.0000,0.0000,0.0000,0.0000,0.0000,,,,,,"","","","",""
"5411",荷5411,ﾆ541,0.0000,0.0000,0.0000,0.0000,0.0000,,,,,,"","","","",""
"5420",荷5420,ﾆ542,0.0000,0.0000,0.0000,0.0000,0.0000,,,,,,"","","","",""
"5421",荷5421,ﾆ542,0.0000,0.0000,0.0000,0.0000,0.0000,,,,,,"","","","",""
"5430",荷5430,ﾆ543,0.0000,0.0000,0.0000,0.0000,0.0000,,,,,,"","","","",""
"5439",荷5439,ﾆ543,0.0000,0.0000,0.0000,0.0000,0.0000,,,,,,"","","","",""
"5440",荷5440,ﾆ544,0.0000,0.0000,0.0000,0.0000,0.0000,,,,,,"","","","",""
"5441",荷5441,ﾆ544,0.0000,0.0000,0.0000,0.0000,0.0000,,,,,,"","","","",""
"5442",荷5442,ﾆ544,0.0000,0.0000,0.0000,0.0000,0.0000,,,,,,"","","","",""
"5443",荷5443,ﾆ544,0.0000,0.0000,0.0000,0.0000,0.0000,,,,,,"","","","",""
"5444",荷5444,ﾆ544,0.0000,0.0000,0.0000,0.0000,0.0000,,,,,,"","","","",""
"5445",荷5445,ﾆ544,0.0000,0.0000,0.0000,0.0000,0.0000,,,,,,"","","","",""
"5446",荷5446,ﾆ544,0.0000,0.0000,0.0000,0.0000,0.0000,,,,,,"","","","",""
"5447",荷5447,ﾆ544,0.0000,0.0000,0.0000,0.0000,0.0000,,,,,,"","","","",""
"5448",荷5448,ﾆ544,0.0000,0.0000,0.0000,0.0000,0.0000,,,,,,"","","","",""
"5449",荷5449,ﾆ544,0.0000,0.0000,0.0000,0.0000,0.0000,,,,,,"","","","",""
"5450",荷5450,ﾆ545,0.0000,0.0000,0.0000,0.0000,0.0000,,,,,,"","","","",""
"5460",荷5460,ﾆ546,0.0000,0.0000,0.0000,0.0000,0.0000,,,,,,"","","","",""
"5461",荷5461,ﾆ546,0.0000,0.0000,0.0000,0.0000,0.0000,,,,,,"","","","",""
"5462",荷5462,ﾆ546,0.0000,0.0000,0.0000,0.0000,0.0000,,,,,,"","","","",""
"5463",荷5463,ﾆ546,0.0000,0.0000,0.0000,0.0000,0.0000,,,,,,"","","","",""
"5480",荷5480,ﾆ548,0.0000,0.0000,0.0000,0.0000,0.0000,,,,,,"","","","",""
"5481",荷5481,ﾆ548,0.0000,0.0000,0.0000,0.0000,0.0000,,,,,,"","","","",""
"5482",荷5482,ﾆ548,0.0000,0.0000,0.0000,0.0000,0.0000,,,,,,"","","","",""
"5483",荷5483,ﾆ548,0.0000,0.0000,0.0000,0.0000,0.0000,,,,,,"","","","",""
"5484",荷5484,ﾆ548,0.0000,0.0000,0.0000,0.0000,0.0000,,,,,,"","","","",""
"5485",荷5485,ﾆ548,0.0000,0.0000,0.0000,0.0000,0.0000,,,,,,"","","","",""
"5486",荷5486,ﾆ548,0.0000,0.0000,0.0000,0.0000,0.0000,,,,,,"","","","",""
"5500",荷5500,ﾆ550,0.0000,0.0000,0.0000,0.0000,0.0000,,,,,,"","","","",""
"5501",荷5501,ﾆ550,0.0000,0.0000,0.0000,0.0000,0.0000,,,,,,"","","","",""
"5502",荷5502,ﾆ550,0.0000,0.0000,0.0000,0.0000,0.0000,,,,,,"","","","",""
"5503",荷5503,ﾆ550,0.0000,0.0000,0.0000,0.0000,0.0000,,,,,,"","","","",""
"5520",荷5520,ﾆ552,0.0000,0.0000,0.0000,0.0000,0.0000,,,,,,"","","","",""
"5521",荷5521,ﾆ552,0.0000,0.0000,0.0000,0.0000,0.0000,,,,,,"","","","",""
"5523",荷5523,ﾆ552,0.0000,0.0000,0.0000,0.0000,0.0000,,,,,,"","","","",""
"5536",荷5536,ﾆ553,0.0000,0.0000,0.0000,0.0000,0.0000,,,,,,"","","","",""
"5537",荷5537,ﾆ553,0.0000,0.0000,0.0000,0.0000,0.0000,,,,,,"","","","",""
"5538",荷5538,ﾆ553,0.0000,0.0000,0.0000,0.0000,0.0000,,,,,,"","","","",""
"5539",荷5539,ﾆ553,0.0000,0.0000,0.0000,0.0000,0.0000,,,,,,"","","","",""
"5540",荷5540,ﾆ554,0.0000,0.0000,0.0000,0.0000,0.0000,,,,,,"","","","",""
"5541",荷5541,ﾆ554,0.0000,0.0000,0.0000,0.0000,0.0000,,,,,,"","","","",""
"5542",荷5542,ﾆ554,0.0000,0.0000,0.0000,0.0000,0.0000,,,,,,"","","","",""
"5543",荷5543,ﾆ554,0.0000,0.0000,0.0000,0.0000,0.0000,,,,,,"","","","",""
"5544",荷5544,ﾆ554,0.0000,0.0000,0.0000,0.0000,0.0000,,,,,,"","","","",""
"5545",荷5545,ﾆ554,0.0000,0.0000,0.0000,0.0000,0.0000,,,,,,"","","","",""
"5546",荷5546,ﾆ554,0.0000,0.0000,0.0000,0.0000,0.0000,,,,,,"","","","",""
"5547",荷5547,ﾆ554,0.0000,0.0000,0.0000,0.0000,0.0000,,,,,,"","","","",""
"5548",荷5548,ﾆ554,0.0000,0.0000,0.0000,0.0000,0.0000,,,,,,"","","","",""
"5549",荷5549,ﾆ554,0.0000,0.0000,0.0000,0.0000,0.0000,,,,,,"","","","",""
"5550",荷5550,ﾆ555,0.0000,0.0000,0.0000,0.0000,0.0000,,,,,,"","","","",""
"5551",荷5551,ﾆ555,0.0000,0.0000,0.0000,0.0000,0.0000,,,,,,"","","","",""
"5552",荷5552,ﾆ555,0.0000,0.0000,0.0000,0.0000,0.0000,,,,,,"","","","",""
"5553",荷5553,ﾆ555,0.0000,0.0000,0.0000,0.0000,0.0000,,,,,,"","","","",""
"5554",荷5554,ﾆ555,0.0000,0.0000,0.0000,0.0000,0.0000,,,,,,"","","","",""
"5555",荷5555,ﾆ555,0.0000,0.0000,0.0000,0.0000,0.0000,,,,,,"","","","",""
"5556",荷5556,ﾆ555,0.0000,0.0000,0.0000,0.0000,0.0000,,,,,,"","","","",""
"5557",荷5557,ﾆ555,0.0000,0.0000,0.0000,0.0000,0.0000,,,,,,"","","","",""
"5558",荷5558,ﾆ555,0.0000,0.0000,0.0000,0.0000,0.0000,,,,,,"","","","",""
"5559",荷5559,ﾆ555,0.0000,0.0000,0.0000,0.0000,0.0000,,,,,,"","","","",""
"5560",荷5560,ﾆ556,0.0000,0.0000,0.0000,0.0000,0.0000,,,,,,"","","","",""
"5561",荷5561,ﾆ556,0.0000,0.0000,0.0000,0.0000,0.0000,,,,,,"","","","",""
"5580",荷5580,ﾆ558,0.0000,0.0000,0.0000,0.0000,0.0000,,,,,,"","","","",""
"5581",荷5581,ﾆ558,0.0000,0.0000,0.0000,0.0000,0.0000,,,,,,"","","","",""
"5582",荷5582,ﾆ558,0.0000,0.0000,0.0000,0.0000,0.0000,,,,,,"","","","",""
"5583",荷5583,ﾆ558,0.0000,0.0000,0.0000,0.0000,0.0000,,,,,,"","","","",""
"5584",荷5584,ﾆ558,0.0000,0.0000,0.0000,0.0000,0.0000,,,,,,"","","","",""
"5585",荷5585,ﾆ558,0.0000,0.0000,0.0000,0.0000,0.0000,,,,,,"","","","",""
"5586",荷5586,ﾆ558,0.0000,0.0000,0.0000,0.0000,0.0000,,,,,,"","","","",""
"5587",荷5587,ﾆ558,0.0000,0.0000,0.0000,0.0000,0.0000,,,,,,"","","","",""
"5588",荷5588,ﾆ558,0.0000,0.0000,0.0000,0.0000,0.0000,,,,,,"","","","",""
"5589",荷5589,ﾆ558,0.0000,0.0000,0.0000,0.0000,0.0000,,,,,,"","","","",""
"5590",荷5590,ﾆ559,0.0000,0.0000,0.0000,0.0000,0.0000,,,,,,"","","","",""
"5591",荷5591,ﾆ559,0.0000,0.0000,0.0000,0.0000,0.0000,,,,,,"","","","",""
"5592",荷5592,ﾆ559,0.0000,0.0000,0.0000,0.0000,0.0000,,,,,,"","","","",""
"5593",荷5593,ﾆ559,0.0000,0.0000,0.0000,0.0000,0.0000,,,,,,"","","","",""
"5594",荷5594,ﾆ559,0.0000,0.0000,0.0000,0.0000,0.0000,,,,,,"","","","",""
"5595",荷5595,ﾆ559,0.0000,0.0000,0.0000,0.0000,0.0000,,,,,,"","","","",""
"5596",荷5596,ﾆ559,0.0000,0.0000,0.0000,0.0000,0.0000,,,,,,"","","","",""
"5597",荷5597,ﾆ559,0.0000,0.0000,0.0000,0.0000,0.0000,,,,,,"","","","",""
"5600",荷5600,ﾆ560,0.0000,0.0000,0.0000,0.0000,0.0000,,,,,,"","","","",""
"5601",荷5601,ﾆ560,0.0000,0.0000,0.0000,0.0000,0.0000,,,,,,"","","","",""
"5602",荷5602,ﾆ560,0.0000,0.0000,0.0000,0.0000,0.0000,,,,,,"","","","",""
"5603",荷5603,ﾆ560,0.0000,0.0000,0.0000,0.0000,0.0000,,,,,,"","","","",""
"5604",荷5604,ﾆ560,0.0000,0.0000,0.0000,0.0000,0.0000,,,,,,"","","","",""
"5605",荷5605,ﾆ560,0.0000,0.0000,0.0000,0.0000,0.0000,,,,,,"","","","",""
"5606",荷5606,ﾆ560,0.0000,0.0000,0.0000,0.0000,0.0000,,,,,,"","","","",""
"5607",荷5607,ﾆ560,0.0000,0.0000,0.0000,0.0000,0.0000,,,,,,"","","","",""
"5608",荷5608,ﾆ560,0.0000,0.0000,0.0000,0.0000,0.0000,,,,,,"","","","",""
"5609",荷5609,ﾆ560,0.0000,0.0000,0.0000,0.0000,0.0000,,,,,,"","","","",""
"5610",荷5610,ﾆ561,0.0000,0.0000,0.0000,0.0000,0.0000,,,,,,"","","","",""
"5611",荷5611,ﾆ561,0.0000,0.0000,0.0000,0.0000,0.0000,,,,,,"","","","",""
"5612",荷5612,ﾆ561,0.0000,0.0000,0.0000,0.0000,0.0000,,,,,,"","","","",""
"5613",荷5613,ﾆ561,0.0000,0.0000,0.0000,0.0000,0.0000,,,,,,"","","","",""
"5614",荷5614,ﾆ561,0.0000,0.0000,0.0000,0.0000,0.0000,,,,,,"","","","",""
"5615",荷5615,ﾆ561,0.0000,0.0000,0.0000,0.0000,0.0000,,,,,,"","","","",""
"5616",荷5616,ﾆ561,0.0000,0.0000,0.0000,0.0000,0.0000,,,,,,"","","","",""
"5617",荷5617,ﾆ561,0.0000,0.0000,0.0000,0.0000,0.0000,,,,,,"","","","",""
"5618",荷5618,ﾆ561,0.0000,0.0000,0.0000,0.0000,0.0000,,,,,,"","","","",""
"5619",荷5619,ﾆ561,0.0000,0.0000,0.0000,0.0000,0.0000,,,,,,"","","","",""
"5620",荷5620,ﾆ562,0.0000,0.0000,0.0000,0.0000,0.0000,,,,,,"","","","",""
"5621",荷5621,ﾆ562,0.0000,0.0000,0.0000,0.0000,0.0000,,,,,,"","","","",""
"5622",荷5622,ﾆ562,0.0000,0.0000,0.0000,0.0000,0.0000,,,,,,"","","","",""
"5623",荷5623,ﾆ562,0.0000,0.0000,0.0000,0.0000,0.0000,,,,,,"","","","",""
"5624",荷5624,ﾆ562,0.0000,0.0000,0.0000,0.0000,0.0000,,,,,,"","","","",""
"5650",荷5650,ﾆ565,0.0000,0.0000,0.0000,0.0000,0.0000,,,,,,"","","","",""
"5651",荷5651,ﾆ565,0.0000,0.0000,0.0000,0.0000,0.0000,,,,,,"","","","",""
"5652",荷5652,ﾆ565,0.0000,0.0000,0.0000,0.0000,0.0000,,,,,,"","","","",""
"5653",荷5653,ﾆ565,0.0000,0.0000,0.0000,0.0000,0.0000,,,,,,"","","","",""
"5654",荷5654,ﾆ565,0.0000,0.0000,0.0000,0.0000,0.0000,,,,,,"","","","",""
"5655",荷5655,ﾆ565,0.0000,0.0000,0.0000,0.0000,0.0000,,,,,,"","","","",""
"5656",荷5656,ﾆ565,0.0000,0.0000,0.0000,0.0000,0.0000,,,,,,"","","","",""
"5657",荷5657,ﾆ565,0.0000,0.0000,0.0000,0.0000,0.0000,,,,,,"","","","",""
"5658",荷5658,ﾆ565,0.0000,0.0000,0.0000,0.0000,0.0000,,,,,,"","","","",""
"5659",荷5659,ﾆ565,0.0000,0.0000,0.0000,0.0000,0.0000,,,,,,"","","","",""
"5660",荷5660,ﾆ566,0.0000,0.0000,0.0000,0.0000,0.0000,,,,,,"","","","",""
"5661",荷5661,ﾆ566,0.0000,0.0000,0.0000,0.0000,0.0000,,,,,,"","","","",""
"5662",荷5662,ﾆ566,0.0000,0.0000,0.0000,0.0000,0.0000,,,,,,"","","","",""
"5664",荷5664,ﾆ566,0.0000,0.0000,0.0000,0.0000,0.0000,,,,,,"","","","",""
"5665",荷5665,ﾆ566,0.0000,0.0000,0.0000,0.0000,0.0000,,,,,,"","","","",""
"5666",荷5666,ﾆ566,0.0000,0.0000,0.0000,0.0000,0.0000,,,,,,"","","","",""
"5667",荷5667,ﾆ566,0.0000,0.0000,0.0000,0.0000,0.0000,,,,,,"","","","",""
"5670",荷5670,ﾆ567,0.0000,0.0000,0.0000,0.0000,0.0000,,,,,,"","","","",""
"5671",荷5671,ﾆ567,0.0000,0.0000,0.0000,0.0000,0.0000,,,,,,"","","","",""
"5680",荷5680,ﾆ568,0.0000,0.0000,0.0000,0.0000,0.0000,,,,,,"","","","",""
"5681",荷5681,ﾆ568,0.0000,0.0000,0.0000,0.0000,0.0000,,,,,,"","","","",""
"5682",荷5682,ﾆ568,0.0000,0.0000,0.0000,0.0000,0.0000,,,,,,"","","","",""
"5683",荷5683,ﾆ568,0.0000,0.0000,0.0000,0.0000,0.0000,,,,,,"","","","",""
"5684",荷5684,ﾆ568,0.0000,0.0000,0.0000,0.0000,0.0000,,,,,,"","","","",""
"5685",荷5685,ﾆ568,0.0000,0.0000,0.0000,0.0000,0.0000,,,,,,"","","","",""
"5686",荷5686,ﾆ568,0.0000,0.0000,0.0000,0.0000,0.0000,,,,,,"","","","",""
"5687",荷5687,ﾆ568,0.0000,0.0000,0.0000,0.0000,0.0000,,,,,,"","","","",""
"5688",荷5688,ﾆ568,0.0000,0.0000,0.0000,0.0000,0.0000,,,,,,"","","","",""
"5689",荷5689,ﾆ568,0.0000,0.0000,0.0000,0.0000,0.0000,,,,,,"","","","",""
"5690",荷5690,ﾆ569,0.0000,0.0000,0.0000,0.0000,0.0000,,,,,,"","","","",""
"5691",荷5691,ﾆ569,0.0000,0.0000,0.0000,0.0000,0.0000,,,,,,"","","","",""
"5692",荷5692,ﾆ569,0.0000,0.0000,0.0000,0.0000,0.0000,,,,,,"","","","",""
"5700",荷5700,ﾆ570,0.0000,0.0000,0.0000,0.0000,0.0000,,,,,,"","","","",""
"5701",荷5701,ﾆ570,0.0000,0.0000,0.0000,0.0000,0.0000,,,,,,"","","","",""
"5702",荷5702,ﾆ570,0.0000,0.0000,0.0000,0.0000,0.0000,,,,,,"","","","",""
"5703",荷5703,ﾆ570,0.0000,0.0000,0.0000,0.0000,0.0000,,,,,,"","","","",""
"5704",荷5704,ﾆ570,0.0000,0.0000,0.0000,0.0000,0.0000,,,,,,"","","","",""
"5705",荷5705,ﾆ570,0.0000,0.0000,0.0000,0.0000,0.0000,,,,,,"","","","",""
"5706",荷5706,ﾆ570,0.0000,0.0000,0.0000,0.0000,0.0000,,,,,,"","","","",""
"5707",荷5707,ﾆ570,0.0000,0.0000,0.0000,0.0000,0.0000,,,,,,"","","","",""
"5708",荷5708,ﾆ570,0.0000,0.0000,0.0000,0.0000,0.0000,,,,,,"","","","",""
"5720",荷5720,ﾆ572,0.0000,0.0000,0.0000,0.0000,0.0000,,,,,,"","","","",""
"5721",荷5721,ﾆ572,0.0000,0.0000,0.0000,0.0000,0.0000,,,,,,"","","","",""
"5722",荷5722,ﾆ572,0.0000,0.0000,0.0000,0.0000,0.0000,,,,,,"","","","",""
"5724",荷5724,ﾆ572,0.0000,0.0000,0.0000,0.0000,0.0000,,,,,,"","","","",""
"5725",荷5725,ﾆ572,0.0000,0.0000,0.0000,0.0000,0.0000,,,,,,"","","","",""
"5726",荷5726,ﾆ572,0.0000,0.0000,0.0000,0.0000,0.0000,,,,,,"","","","",""
"5730",荷5730,ﾆ573,0.0000,0.0000,0.0000,0.0000,0.0000,,,,,,"","","","",""
"5731",荷5731,ﾆ573,0.0000,0.0000,0.0000,0.0000,0.0000,,,,,,"","","","",""
"5732",荷5732,ﾆ573,0.0000,0.0000,0.0000,0.0000,0.0000,,,,,,"","","","",""
"5733",荷5733,ﾆ573,0.0000,0.0000,0.0000,0.0000,0.0000,,,,,,"","","","",""
"5734",荷5734,ﾆ573,0.0000,0.0000,0.0000,0.0000,0.0000,,,,,,"","","","",""
"5735",荷5735,ﾆ573,0.0000,0.0000,0.0000,0.0000,0.0000,,,,,,"","","","",""
"5736",荷5736,ﾆ573,0.0000,0.0000,0.0000,0.0000,0.0000,,,,,,"","","","",""
"5737",荷5737,ﾆ573,0.0000,0.0000,0.0000,0.0000,0.0000,,,,,,"","","","",""
"5738",荷5738,ﾆ573,0.0000,0.0000,0.0000,0.0000,0.0000,,,,,,"","","","",""
"5739",荷5739,ﾆ573,0.0000,0.0000,0.0000,0.0000,0.0000,,,,,,"","","","",""
"5740",荷5740,ﾆ574,0.0000,0.0000,0.0000,0.0000,0.0000,,,,,,"","","","",""
"5741",荷5741,ﾆ574,0.0000,0.0000,0.0000,0.0000,0.0000,,,,,,"","","","",""
"5742",荷5742,ﾆ574,0.0000,0.0000,0.0000,0.0000,0.0000,,,,,,"","","","",""
"5743",荷5743,ﾆ574,0.0000,0.0000,0.0000,0.0000,0.0000,,,,,,"","","","",""
"5744",荷5744,ﾆ574,0.0000,0.0000,0.0000,0.0000,0.0000,,,,,,"","","","",""
"5745",荷5745,ﾆ574,0.0000,0.0000,0.0000,0.0000,0.0000,,,,,,"","","","",""
"5746",荷5746,ﾆ574,0.0000,0.0000,0.0000,0.0000,0.0000,,,,,,"","","","",""
"5747",荷5747,ﾆ574,0.0000,0.0000,0.0000,0.0000,0.0000,,,,,,"","","","",""
"5748",荷5748,ﾆ574,0.0000,0.0000,0.0000,0.0000,0.0000,,,,,,"","","","",""
"5749",荷5749,ﾆ574,0.0000,0.0000,0.0000,0.0000,0.0000,,,,,,"","","","",""
"5750",荷5750,ﾆ575,0.0000,0.0000,0.0000,0.0000,0.0000,,,,,,"","","","",""
"5751",荷5751,ﾆ575,0.0000,0.0000,0.0000,0.0000,0.0000,,,,,,"","","","",""
"5752",荷5752,ﾆ575,0.0000,0.0000,0.0000,0.0000,0.0000,,,,,,"","","","",""
"5753",荷5753,ﾆ575,0.0000,0.0000,0.0000,0.0000,0.0000,,,,,,"","","","",""
"5754",荷5754,ﾆ575,0.0000,0.0000,0.0000,0.0000,0.0000,,,,,,"","","","",""
"5755",荷5755,ﾆ575,0.0000,0.0000,0.0000,0.0000,0.0000,,,,,,"","","","",""
"5756",荷5756,ﾆ575,0.0000,0.0000,0.0000,0.0000,0.0000,,,,,,"","","","",""
"5757",荷5757,ﾆ575,0.0000,0.0000,0.0000,0.0000,0.0000,,,,,,"","","","",""
"5758",荷5758,ﾆ575,0.0000,0.0000,0.0000,0.0000,0.0000,,,,,,"","","","",""
"5770",荷5770,ﾆ577,0.0000,0.0000,0.0000,0.0000,0.0000,,,,,,"","","","",""
"5771",荷5771,ﾆ577,0.0000,0.0000,0.0000,0.0000,0.0000,,,,,,"","","","",""
"5772",荷5772,ﾆ577,0.0000,0.0000,0.0000,0.0000,0.0000,,,,,,"","","","",""
"5773",荷5773,ﾆ577,0.0000,0.0000,0.0000,0.0000,0.0000,,,,,,"","","","",""
"5774",荷5774,ﾆ577,0.0000,0.0000,0.0000,0.0000,0.0000,,,,,,"","","","",""
"5775",荷5775,ﾆ577,0.0000,0.0000,0.0000,0.0000,0.0000,,,,,,"","","","",""
"5776",荷5776,ﾆ577,0.0000,0.0000,0.0000,0.0000,0.0000,,,,,,"","","","",""
"5777",荷5777,ﾆ577,0.0000,0.0000,0.0000,0.0000,0.0000,,,,,,"","","","",""
"5778",荷5778,ﾆ577,0.0000,0.0000,0.0000,0.0000,0.0000,,,,,,"","","","",""
"5779",荷5779,ﾆ577,0.0000,0.0000,0.0000,0.0000,0.0000,,,,,,"","","","",""
"5780",荷5780,ﾆ578,0.0000,0.0000,0.0000,0.0000,0.0000,,,,,,"","","","",""
"5781",荷5781,ﾆ578,0.0000,0.0000,0.0000,0.0000,0.0000,,,,,,"","","","",""
"5782",荷5782,ﾆ578,0.0000,0.0000,0.0000,0.0000,0.0000,,,,,,"","","","",""
"5783",荷5783,ﾆ578,0.0000,0.0000,0.0000,0.0000,0.0000,,,,,,"","","","",""
"5790",荷5790,ﾆ579,0.0000,0.0000,0.0000,0.0000,0.0000,,,,,,"","","","",""
"5791",荷5791,ﾆ579,0.0000,0.0000,0.0000,0.0000,0.0000,,,,,,"","","","",""
"5792",荷5792,ﾆ579,0.0000,0.0000,0.0000,0.0000,0.0000,,,,,,"","","","",""
"5793",荷5793,ﾆ579,0.0000,0.0000,0.0000,0.0000,0.0000,,,,,,"","","","",""
"5800",荷5800,ﾆ580,0.0000,0.0000,0.0000,0.0000,0.0000,,,,,,"","","","",""
"5801",荷5801,ﾆ580,0.0000,0.0000,0.0000,0.0000,0.0000,,,,,,"","","","",""
"5802",荷5802,ﾆ580,0.0000,0.0000,0.0000,0.0000,0.0000,,,,,,"","","","",""
"5803",荷5803,ﾆ580,0.0000,0.0000,0.0000,0.0000,0.0000,,,,,,"","","","",""
"5804",荷5804,ﾆ580,0.0000,0.0000,0.0000,0.0000,0.0000,,,,,,"","","","",""
"5805",荷5805,ﾆ580,0.0000,0.0000,0.0000,0.0000,0.0000,,,,,,"","","","",""
"5806",荷5806,ﾆ580,0.0000,0.0000,0.0000,0.0000,0.0000,,,,,,"","","","",""
"5807",荷5807,ﾆ580,0.0000,0.0000,0.0000,0.0000,0.0000,,,,,,"","","","",""
"5808",荷5808,ﾆ580,0.0000,0.0000,0.0000,0.0000,0.0000,,,,,,"","","","",""
"5809",荷5809,ﾆ580,0.0000,0.0000,0.0000,0.0000,0.0000,,,,,,"","","","",""
"5810",荷5810,ﾆ581,0.0000,0.0000,0.0000,0.0000,0.0000,,,,,,"","","","",""
"5811",荷5811,ﾆ581,0.0000,0.0000,0.0000,0.0000,0.0000,,,,,,"","","","",""
"5812",荷5812,ﾆ581,0.0000,0.0000,0.0000,0.0000,0.0000,,,,,,"","","","",""
"5813",荷5813,ﾆ581,0.0000,0.0000,0.0000,0.0000,0.0000,,,,,,"","","","",""
"5814",荷5814,ﾆ581,0.0000,0.0000,0.0000,0.0000,0.0000,,,,,,"","","","",""
"5815",荷5815,ﾆ581,0.0000,0.0000,0.0000,0.0000,0.0000,,,,,,"","","","",""
"5816",荷5816,ﾆ581,0.0000,0.0000,0.0000,0.0000,0.0000,,,,,,"","","","",""
"5817",荷5817,ﾆ581,0.0000,0.0000,0.0000,0.0000,0.0000,,,,,,"","","","",""
"5818",荷5818,ﾆ581,0.0000,0.0000,0.0000,0.0000,0.0000,,,,,,"","","","",""
"5819",荷5819,ﾆ581,0.0000,0.0000,0.0000,0.0000,0.0000,,,,,,"","","","",""
"5830",荷5830,ﾆ583,0.0000,0.0000,0.0000,0.0000,0.0000,,,,,,"","","","",""
"5831",荷5831,ﾆ583,0.0000,0.0000,0.0000,0.0000,0.0000,,,,,,"","","","",""
"5832",荷5832,ﾆ583,0.0000,0.0000,0.0000,0.0000,0.0000,,,,,,"","","","",""
"5833",荷5833,ﾆ583,0.0000,0.0000,0.0000,0.0000,0.0000,,,,,,"","","","",""
"5834",荷5834,ﾆ583,0.0000,0.0000,0.0000,0.0000,0.0000,,,,,,"","","","",""
"5835",荷5835,ﾆ583,0.0000,0.0000,0.0000,0.0000,0.0000,,,,,,"","","","",""
"5836",荷5836,ﾆ583,0.0000,0.0000,0.0000,0.0000,0.0000,,,,,,"","","","",""
"5837",荷5837,ﾆ583,0.0000,0.0000,0.0000,0.0000,0.0000,,,,,,"","","","",""
"5838",荷5838,ﾆ583,0.0000,0.0000,0.0000,0.0000,0.0000,,,,,,"","","","",""
"5839",荷5839,ﾆ583,0.0000,0.0000,0.0000,0.0000,0.0000,,,,,,"","","","",""
"5840",荷5840,ﾆ584,0.0000,0.0000,0.0000,0.0000,0.0000,,,,,,"","","","",""
"5841",荷5841,ﾆ584,0.0000,0.0000,0.0000,0.0000,0.0000,,,,,,"","","","",""
"5842",荷5842,ﾆ584,0.0000,0.0000,0.0000,0.0000,0.0000,,,,,,"","","","",""
"5843",荷5843,ﾆ584,0.0000,0.0000,0.0000,0.0000,0.0000,,,,,,"","","","",""
"5850",荷5850,ﾆ585,0.0000,0.0000,0.0000,0.0000,0.0000,,,,,,"","","","",""
"5851",荷5851,ﾆ585,0.0000,0.0000,0.0000,0.0000,0.0000,,,,,,"","","","",""
"5852",荷5852,ﾆ585,0.0000,0.0000,0.0000,0.0000,0.0000,,,,,,"","","","",""
"5853",荷5853,ﾆ585,0.0000,0.0000,0.0000,0.0000,0.0000,,,,,,"","","","",""
"5854",荷5854,ﾆ585,0.0000,0.0000,0.0000,0.0000,0.0000,,,,,,"","","","",""
"5855",荷5855,ﾆ585,0.0000,0.0000,0.0000,0.0000,0.0000,,,,,,"","","","",""
"5856",荷5856,ﾆ585,0.0000,0.0000,0.0000,0.0000,0.0000,,,,,,"","","","",""
"5857",荷5857,ﾆ585,0.0000,0.0000,0.0000,0.0000,0.0000,,,,,,"","","","",""
"5858",荷5858,ﾆ585,0.0000,0.0000,0.0000,0.0000,0.0000,,,,,,"","","","",""
"5859",荷5859,ﾆ585,0.0000,0.0000,0.0000,0.0000,0.0000,,,,,,"","","","",""
"5860",荷5860,ﾆ586,0.0000,0.0000,0.0000,0.0000,0.0000,,,,,,"","","","",""
"5861",荷5861,ﾆ586,0.0000,0.0000,0.0000,0.0000,0.0000,,,,,,"","","","",""
"5862",荷5862,ﾆ586,0.0000,0.0000,0.0000,0.0000,0.0000,,,,,,"","","","",""
"5880",荷5880,ﾆ588,0.0000,0.0000,0.0000,0.0000,0.0000,,,,,,"","","","",""
"5900",荷5900,ﾆ590,0.0000,0.0000,0.0000,0.0000,0.0000,,,,,,"","","","",""
"5901",荷5901,ﾆ590,0.0000,0.0000,0.0000,0.0000,0.0000,,,,,,"","","","",""
"5902",荷5902,ﾆ590,0.0000,0.0000,0.0000,0.0000,0.0000,,,,,,"","","","",""
"5903",荷5903,ﾆ590,0.0000,0.0000,0.0000,0.0000,0.0000,,,,,,"","","","",""
"5904",荷5904,ﾆ590,0.0000,0.0000,0.0000,0.0000,0.0000,,,,,,"","","","",""
"5905",荷5905,ﾆ590,0.0000,0.0000,0.0000,0.0000,0.0000,,,,,,"","","","",""
"5906",荷5906,ﾆ590,0.0000,0.0000,0.0000,0.0000,0.0000,,,,,,"","","","",""
"5907",荷5907,ﾆ590,0.0000,0.0000,0.0000,0.0000,0.0000,,,,,,"","","","",""
"5908",荷5908,ﾆ590,0.0000,0.0000,0.0000,0.0000,0.0000,,,,,,"","","","",""
"5909",荷5909,ﾆ590,0.0000,0.0000,0.0000,0.0000,0.0000,,,,,,"","","","",""
"5910",荷5910,ﾆ591,0.0000,0.0000,0.0000,0.0000,0.0000,,,,,,"","","","",""
"5911",荷5911,ﾆ591,0.0000,0.0000,0.0000,0.0000,0.0000,,,,,,"","","","",""
"5912",荷5912,ﾆ591,0.0000,0.0000,0.0000,0.0000,0.0000,,,,,,"","","","",""
"5913",荷5913,ﾆ591,0.0000,0.0000,0.0000,0.0000,0.0000,,,,,,"","","","",""
"5914",荷5914,ﾆ591,0.0000,0.0000,0.0000,0.0000,0.0000,,,,,,"","","","",""
"5915",荷5915,ﾆ591,0.0000,0.0000,0.0000,0.0000,0.0000,,,,,,"","","","",""
"5916",荷5916,ﾆ591,0.0000,0.0000,0.0000,0.0000,0.0000,,,,,,"","","","",""
"5917",荷5917,ﾆ591,0.0000,0.0000,0.0000,0.0000,0.0000,,,,,,"","","","",""
"5918",荷5918,ﾆ591,0.0000,0.0000,0.0000,0.0000,0.0000,,,,,,"","","","",""
"5919",荷5919,ﾆ591,0.0000,0.0000,0.0000,0.0000,0.0000,,,,,,"","","","",""
"5920",荷5920,ﾆ592,0.0000,0.0000,0.0000,0.0000,0.0000,,,,,,"","","","",""
"5921",荷5921,ﾆ592,0.0000,0.0000,0.0000,0.0000,0.0000,,,,,,"","","","",""
"5922",荷5922,ﾆ592,0.0000,0.0000,0.0000,0.0000,0.0000,,,,,,"","","","",""
"5923",荷5923,ﾆ592,0.0000,0.0000,0.0000,0.0000,0.0000,,,,,,"","","","",""
"5924",荷5924,ﾆ592,0.0000,0.0000,0.0000,0.0000,0.0000,,,,,,"","","","",""
"6001",荷6001,ﾆ600,0.0000,0.0000,0.0000,0.0000,0.0000,,,,,,"","","","",""
"6002",荷6002,ﾆ600,0.0000,0.0000,0.0000,0.0000,0.0000,,,,,,"","","","",""
"6003",荷6003,ﾆ600,0.0000,0.0000,0.0000,0.0000,0.0000,,,,,,"","","","",""
"6004",荷6004,ﾆ600,0.0000,0.0000,0.0000,0.0000,0.0000,,,,,,"","","","",""
"6005",荷6005,ﾆ600,0.0000,0.0000,0.0000,0.0000,0.0000,,,,,,"","","","",""
"6006",荷6006,ﾆ600,0.0000,0.0000,0.0000,0.0000,0.0000,,,,,,"","","","",""
"6007",荷6007,ﾆ600,0.0000,0.0000,0.0000,0.0000,0.0000,,,,,,"","","","",""
"6008",荷6008,ﾆ600,0.0000,0.0000,0.0000,0.0000,0.0000,,,,,,"","","","",""
"6009",荷6009,ﾆ600,0.0000,0.0000,0.0000,0.0000,0.0000,,,,,,"","","","",""
"6010",荷6010,ﾆ601,0.0000,0.0000,0.0000,0.0000,0.0000,,,,,,"","","","",""
"6011",荷6011,ﾆ601,0.0000,0.0000,0.0000,0.0000,0.0000,,,,,,"","","","",""
"6012",荷6012,ﾆ601,0.0000,0.0000,0.0000,0.0000,0.0000,,,,,,"","","","",""
"6013",荷6013,ﾆ601,0.0000,0.0000,0.0000,0.0000,0.0000,,,,,,"","","","",""
"6014",荷6014,ﾆ601,0.0000,0.0000,0.0000,0.0000,0.0000,,,,,,"","","","",""
"6015",荷6015,ﾆ601,0.0000,0.0000,0.0000,0.0000,0.0000,,,,,,"","","","",""
"6016",荷6016,ﾆ601,0.0000,0.0000,0.0000,0.0000,0.0000,,,,,,"","","","",""
"6017",荷6017,ﾆ601,0.0000,0.0000,0.0000,0.0000,0.0000,,,,,,"","","","",""
"6018",荷6018,ﾆ601,0.0000,0.0000,0.0000,0.0000,0.0000,,,,,,"","","","",""
"6019",荷6019,ﾆ601,0.0000,0.0000,0.0000,0.0000,0.0000,,,,,,"","","","",""
"6020",荷6020,ﾆ602,0.0000,0.0000,0.0000,0.0000,0.0000,,,,,,"","","","",""
"6021",荷6021,ﾆ602,0.0000,0.0000,0.0000,0.0000,0.0000,,,,,,"","","","",""
"6022",荷6022,ﾆ602,0.0000,0.0000,0.0000,0.0000,0.0000,,,,,,"","","","",""
"6023",荷6023,ﾆ602,0.0000,0.0000,0.0000,0.0000,0.0000,,,,,,"","","","",""
"6024",荷6024,ﾆ602,0.0000,0.0000,0.0000,0.0000,0.0000,,,,,,"","","","",""
"6025",荷6025,ﾆ602,0.0000,0.0000,0.0000,0.0000,0.0000,,,,,,"","","","",""
"6026",荷6026,ﾆ602,0.0000,0.0000,0.0000,0.0000,0.0000,,,,,,"","","","",""
"6027",荷6027,ﾆ602,0.0000,0.0000,0.0000,0.0000,0.0000,,,,,,"","","","",""
"6028",荷6028,ﾆ602,0.0000,0.0000,0.0000,0.0000,0.0000,,,,,,"","","","",""
"6029",荷6029,ﾆ602,0.0000,0.0000,0.0000,0.0000,0.0000,,,,,,"","","","",""
"6030",荷6030,ﾆ603,0.0000,0.0000,0.0000,0.0000,0.0000,,,,,,"","","","",""
"6031",荷6031,ﾆ603,0.0000,0.0000,0.0000,0.0000,0.0000,,,,,,"","","","",""
"6032",荷6032,ﾆ603,0.0000,0.0000,0.0000,0.0000,0.0000,,,,,,"","","","",""
"6033",荷6033,ﾆ603,0.0000,0.0000,0.0000,0.0000,0.0000,,,,,,"","","","",""
"6034",荷6034,ﾆ603,0.0000,0.0000,0.0000,0.0000,0.0000,,,,,,"","","","",""
"6035",荷6035,ﾆ603,0.0000,0.0000,0.0000,0.0000,0.0000,,,,,,"","","","",""
"6036",荷6036,ﾆ603,0.0000,0.0000,0.0000,0.0000,0.0000,,,,,,"","","","",""
"6037",荷6037,ﾆ603,0.0000,0.0000,0.0000,0.0000,0.0000,,,,,,"","","","",""
"6038",荷6038,ﾆ603,0.0000,0.0000,0.0000,0.0000,0.0000,,,,,,"","","","",""
"6039",荷6039,ﾆ603,0.0000,0.0000,0.0000,0.0000,0.0000,,,,,,"","","","",""
"6040",荷6040,ﾆ604,0.0000,0.0000,0.0000,0.0000,0.0000,,,,,,"","","","",""
"6041",荷6041,ﾆ604,0.0000,0.0000,0.0000,0.0000,0.0000,,,,,,"","","","",""
"6042",荷6042,ﾆ604,0.0000,0.0000,0.0000,0.0000,0.0000,,,,,,"","","","",""
"6043",荷6043,ﾆ604,0.0000,0.0000,0.0000,0.0000,0.0000,,,,,,"","","","",""
"6044",荷6044,ﾆ604,0.0000,0.0000,0.0000,0.0000,0.0000,,,,,,"","","","",""
"7001",荷7001,ﾆ700,0.0000,0.0000,0.0000,0.0000,0.0000,,,,,,"","","","",""
"7002",荷7002,ﾆ700,0.0000,0.0000,0.0000,0.0000,0.0000,,,,,,"","","","",""
"7003",荷7003,ﾆ700,0.0000,0.0000,0.0000,0.0000,0.0000,,,,,,"","","","",""
"7004",荷7004,ﾆ700,0.0000,0.0000,0.0000,0.0000,0.0000,,,,,,"","","","",""
"7005",荷7005,ﾆ700,0.0000,0.0000,0.0000,0.0000,0.0000,,,,,,"","","","",""
"7006",荷7006,ﾆ700,0.0000,0.0000,0.0000,0.0000,0.0000,,,,,,"","","","",""
"7007",荷7007,ﾆ700,0.0000,0.0000,0.0000,0.0000,0.0000,,,,,,"","","","",""
"7008",荷7008,ﾆ700,0.0000,0.0000,0.0000,0.0000,0.0000,,,,,,"","","","",""
"7009",荷7009,ﾆ700,0.0000,0.0000,0.0000,0.0000,0.0000,,,,,,"","","","",""
"7010",荷7010,ﾆ701,0.0000,0.0000,0.0000,0.0000,0.0000,,,,,,"","","","",""
"7011",荷7011,ﾆ701,0.0000,0.0000,0.0000,0.0000,0.0000,,,,,,"","","","",""
"7012",荷7012,ﾆ701,0.0000,0.0000,0.0000,0.0000,0.0000,,,,,,"","","","",""
"7013",荷7013,ﾆ701,0.0000,0.0000,0.0000,0.0000,0.0000,,,,,,"","","","",""
"7014",荷7014,ﾆ701,0.0000,0.0000,0.0000,0.0000,0.0000,,,,,,"","","","",""
"7015",荷7015,ﾆ701,0.0000,0.0000,0.0000,0.0000,0.0000,,,,,,"","","","",""
"7016",荷7016,ﾆ701,0.0000,0.0000,0.0000,0.0000,0.0000,,,,,,"","","","",""
"7017",荷7017,ﾆ701,0.0000,0.0000,0.0000,0.0000,0.0000,,,,,,"","","","",""
"7018",荷7018,ﾆ701,0.0000,0.0000,0.0000,0.0000,0.0000,,,,,,"","","","",""
"7019",荷7019,ﾆ701,0.0000,0.0000,0.0000,0.0000,0.0000,,,,,,"","","","",""
"8001",荷8001,ﾆ800,0.0000,0.0000,0.0000,0.0000,0.0000,,,,,,"","","","",""
"8002",荷8002,ﾆ800,0.0000,0.0000,0.0000,0.0000,0.0000,,,,,,"","","","",""
"8100",荷8100,ﾆ810,0.0000,0.0000,0.0000,0.0000,0.0000,,,,,,"","","","",""
"8101",荷8101,ﾆ810,0.0000,0.0000,0.0000,0.0000,0.0000,,,,,,"","","","",""
"8102",荷8102,ﾆ810,0.0000,0.0000,0.0000,0.0000,0.0000,,,,,,"","","","",""
"8103",荷8103,ﾆ810,0.0000,0.0000,0.0000,0.0000,0.0000,,,,,,"","","","",""
"8104",荷8104,ﾆ810,0.0000,0.0000,0.0000,0.0000,0.0000,,,,,,"","","","",""
"8105",荷8105,ﾆ810,0.0000,0.0000,0.0000,0.0000,0.0000,,,,,,"","","","",""
"8106",荷8106,ﾆ810,0.0000,0.0000,0.0000,0.0000,0.0000,,,,,,"","","","",""
"8107",荷8107,ﾆ810,0.0000,0.0000,0.0000,0.0000,0.0000,,,,,,"","","","",""
"8108",荷8108,ﾆ810,0.0000,0.0000,0.0000,0.0000,0.0000,,,,,,"","","","",""
"8109",荷8109,ﾆ810,0.0000,0.0000,0.0000,0.0000,0.0000,,,,,,"","","","",""
"8110",荷8110,ﾆ811,0.0000,0.0000,0.0000,0.0000,0.0000,,,,,,"","","","",""
"8111",荷8111,ﾆ811,0.0000,0.0000,0.0000,0.0000,0.0000,,,,,,"","","","",""
"8112",荷8112,ﾆ811,0.0000,0.0000,0.0000,0.0000,0.0000,,,,,,"","","","",""
"8113",荷8113,ﾆ811,0.0000,0.0000,0.0000,0.0000,0.0000,,,,,,"","","","",""
"8114",荷8114,ﾆ811,0.0000,0.0000,0.0000,0.0000,0.0000,,,,,,"","","","",""
"8115",荷8115,ﾆ811,0.0000,0.0000,0.0000,0.0000,0.0000,,,,,,"","","","",""
"8116",荷8116,ﾆ811,0.0000,0.0000,0.0000,0.0000,0.0000,,,,,,"","","","",""
"8117",荷8117,ﾆ811,0.0000,0.0000,0.0000,0.0000,0.0000,,,,,,"","","","",""
"8118",荷8118,ﾆ811,0.0000,0.0000,0.0000,0.0000,0.0000,,,,,,"","","","",""
"8119",荷8119,ﾆ811,0.0000,0.0000,0.0000,0.0000,0.0000,,,,,,"","","","",""
"8120",荷8120,ﾆ812,0.0000,0.0000,0.0000,0.0000,0.0000,,,,,,"","","","",""
"8121",荷8121,ﾆ812,0.0000,0.0000,0.0000,0.0000,0.0000,,,,,,"","","","",""
"8122",荷8122,ﾆ812,0.0000,0.0000,0.0000,0.0000,0.0000,,,,,,"","","","",""
"8123",荷8123,ﾆ812,0.0000,0.0000,0.0000,0.0000,0.0000,,,,,,"","","","",""
"8124",荷8124,ﾆ812,0.0000,0.0000,0.0000,0.0000,0.0000,,,,,,"","","","",""
"8200",荷8200,ﾆ820,0.0000,0.0000,0.0000,0.0000,0.0000,,,,,,"","","","",""
"8201",荷8201,ﾆ820,0.0000,0.0000,0.0000,0.0000,0.0000,,,,,,"","","","",""
"8202",荷8202,ﾆ820,0.0000,0.0000,0.0000,0.0000,0.0000,,,,,,"","","","",""
"8203",荷8203,ﾆ820,0.0000,0.0000,0.0000,0.0000,0.0000,,,,,,"","","","",""
"8204",荷8204,ﾆ820,0.0000,0.0000,0.0000,0.0000,0.0000,,,,,,"","","","",""
"8205",荷8205,ﾆ820,0.0000,0.0000,0.0000,0.0000,0.0000,,,,,,"","","","",""
"8206",荷8206,ﾆ820,0.0000,0.0000,0.0000,0.0000,0.0000,,,,,,"","","","",""
"8207",荷8207,ﾆ820,0.0000,0.0000,0.0000,0.0000,0.0000,,,,,,"","","","",""
"8208",荷8208,ﾆ820,0.0000,0.0000,0.0000,0.0000,0.0000,,,,,,"","","","",""
"8209",荷8209,ﾆ820,0.0000,0.0000,0.0000,0.0000,0.0000,,,,,,"","","","",""
"8210",荷8210,ﾆ821,0.0000,0.0000,0.0000,0.0000,0.0000,,,,,,"","","","",""
"8211",荷8211,ﾆ821,0.0000,0.0000,0.0000,0.0000,0.0000,,,,,,"","","","",""
"8212",荷8212,ﾆ821,0.0000,0.0000,0.0000,0.0000,0.0000,,,,,,"","","","",""
"8213",荷8213,ﾆ821,0.0000,0.0000,0.0000,0.0000,0.0000,,,,,,"","","","",""
"8214",荷8214,ﾆ821,0.0000,0.0000,0.0000,0.0000,0.0000,,,,,,"","","","",""
"8215",荷8215,ﾆ821,0.0000,0.0000,0.0000,0.0000,0.0000,,,,,,"","","","",""
"8216",荷8216,ﾆ821,0.0000,0.0000,0.0000,0.0000,0.0000,,,,,,"","","","",""
"8217",荷8217,ﾆ821,0.0000,0.0000,0.0000,0.0000,0.0000,,,,,,"","","","",""
"8218",荷8218,ﾆ821,0.0000,0.0000,0.0000,0.0000,0.0000,,,,,,"","","","",""
"8219",荷8219,ﾆ821,0.0000,0.0000,0.0000,0.0000,0.0000,,,,,,"","","","",""
"8220",荷8220,ﾆ822,0.0000,0.0000,0.0000,0.0000,0.0000,,,,,,"","","","",""
"8221",荷8221,ﾆ822,0.0000,0.0000,0.0000,0.0000,0.0000,,,,,,"","","","",""
"8222",荷8222,ﾆ822,0.0000,0.0000,0.0000,0.0000,0.0000,,,,,,"","","","",""
"8223",荷8223,ﾆ822,0.0000,0.0000,0.0000,0.0000,0.0000,,,,,,"","","","",""
"8224",荷8224,ﾆ822,0.0000,0.0000,0.0000,0.0000,0.0000,,,,,,"","","","",""
"8225",荷8225,ﾆ822,0.0000,0.0000,0.0000,0.0000,0.0000,,,,,,"","","","",""
"8226",荷8226,ﾆ822,0.0000,0.0000,0.0000,0.0000,0.0000,,,,,,"","","","",""
"8300",荷8300,ﾆ830,0.0000,0.0000,0.0000,0.0000,0.0000,,,,,,"","","","",""
"8301",荷8301,ﾆ830,0.0000,0.0000,0.0000,0.0000,0.0000,,,,,,"","","","",""
"8302",荷8302,ﾆ830,0.0000,0.0000,0.0000,0.0000,0.0000,,,,,,"","","","",""
"8303",荷8303,ﾆ830,0.0000,0.0000,0.0000,0.0000,0.0000,,,,,,"","","","",""
"8304",荷8304,ﾆ830,0.0000,0.0000,0.0000,0.0000,0.0000,,,,,,"","","","",""
"8305",荷8305,ﾆ830,0.0000,0.0000,0.0000,0.0000,0.0000,,,,,,"","","","",""
"8306",荷8306,ﾆ830,0.0000,0.0000,0.0000,0.0000,0.0000,,,,,,"","","","",""
"8307",荷8307,ﾆ830,0.0000,0.0000,0.0000,0.0000,0.0000,,,,,,"","","","",""
"8308",荷8308,ﾆ830,0.0000,0.0000,0.0000,0.0000,0.0000,,,,,,"","","","",""
"8309",荷8309,ﾆ830,0.0000,0.0000,0.0000,0.0000,0.0000,,,,,,"","","","",""
"8310",荷8310,ﾆ831,0.0000,0.0000,0.0000,0.0000,0.0000,,,,,,"","","","",""
"8311",荷8311,ﾆ831,0.0000,0.0000,0.0000,0.0000,0.0000,,,,,,"","","","",""
"8400",荷8400,ﾆ840,0.0000,0.0000,0.0000,0.0000,0.0000,,,,,,"","","","",""
"8401",荷8401,ﾆ840,0.0000,0.0000,0.0000,0.0000,0.0000,,,,,,"","","","",""
"8402",荷8402,ﾆ840,0.0000,0.0000,0.0000,0.0000,0.0000,,,,,,"","","","",""
"8403",荷8403,ﾆ840,0.0000,0.0000,0.0000,0.0000,0.0000,,,,,,"","","","",""
"8450",荷8450,ﾆ845,0.0000,0.0000,0.0000,0.0000,0.0000,,,,,,"","","","",""
"8451",荷8451,ﾆ845,0.0000,0.0000,0.0000,0.0000,0.0000,,,,,,"","","","",""
"8452",荷8452,ﾆ845,0.0000,0.0000,0.0000,0.0000,0.0000,,,,,,"","","","",""
"8453",荷8453,ﾆ845,0.0000,0.0000,0.0000,0.0000,0.0000,,,,,,"","","","",""
"8454",荷8454,ﾆ845,0.0000,0.0000,0.0000,0.0000,0.0000,,,,,,"","","","",""
"8455",荷8455,ﾆ845,0.0000,0.0000,0.0000,0.0000,0.0000,,,,,,"","","","",""
"8456",荷8456,ﾆ845,0.0000,0.0000,0.0000,0.0000,0.0000,,,,,,"","","","",""
"8460",荷8460,ﾆ846,0.0000,0.0000,0.0000,0.0000,0.0000,,,,,,"","","","",""
"8461",荷8461,ﾆ846,0.0000,0.0000,0.0000,0.0000,0.0000,,,,,,"","","","",""
"8462",荷8462,ﾆ846,0.0000,0.0000,0.0000,0.0000,0.0000,,,,,,"","","","",""
"8463",荷8463,ﾆ846,0.0000,0.0000,0.0000,0.0000,0.0000,,,,,,"","","","",""
"8464",荷8464,ﾆ846,0.0000,0.0000,0.0000,0.0000,0.0000,,,,,,"","","","",""
"8500",荷8500,ﾆ850,0.0000,0.0000,0.0000,0.0000,0.0000,,,,,,"","","","",""
"8501",荷8501,ﾆ850,0.0000,0.0000,0.0000,0.0000,0.0000,,,,,,"","","","",""
"8502",荷8502,ﾆ850,0.0000,0.0000,0.0000,0.0000,0.0000,,,,,,"","","","",""
"8503",荷8503,ﾆ850,0.0000,0.0000,0.0000,0.0000,0.0000,,,,,,"","","","",""
"8504",荷8504,ﾆ850,0.0000,0.0000,0.0000,0.0000,0.0000,,,,,,"","","","",""
"8505",荷8505,ﾆ850,0.0000,0.0000,0.0000,0.0000,0.0000,,,,,,"","","","",""
"8506",荷8506,ﾆ850,0.0000,0.0000,0.0000,0.0000,0.0000,,,,,,"","","","",""
"8507",荷8507,ﾆ850,0.0000,0.0000,0.0000,0.0000,0.0000,,,,,,"","","","",""
"8508",荷8508,ﾆ850,0.0000,0.0000,0.0000,0.0000,0.0000,,,,,,"","","","",""
"8509",荷8509,ﾆ850,0.0000,0.0000,0.0000,0.0000,0.0000,,,,,,"","","","",""
"8510",荷8510,ﾆ851,0.0000,0.0000,0.0000,0.0000,0.0000,,,,,,"","","","",""
"8511",荷8511,ﾆ851,0.0000,0.0000,0.0000,0.0000,0.0000,,,,,,"","","","",""
"8512",荷8512,ﾆ851,0.0000,0.0000,0.0000,0.0000,0.0000,,,,,,"","","","",""
"8513",荷8513,ﾆ851,0.0000,0.0000,0.0000,0.0000,0.0000,,,,,,"","","","",""
"8514",荷8514,ﾆ851,0.0000,0.0000,0.0000,0.0000,0.0000,,,,,,"","","","",""
"8515",荷8515,ﾆ851,0.0000,0.0000,0.0000,0.0000,0.0000,,,,,,"","","","",""
"8516",荷8516,ﾆ851,0.0000,0.0000,0.0000,0.0000,0.0000,,,,,,"","","","",""
"8600",荷8600,ﾆ860,0.0000,0.0000,0.0000,0.0000,0.0000,,,,,,"","","","",""
"8601",荷8601,ﾆ860,0.0000,0.0000,0.0000,0.0000,0.0000,,,,,,"","","","",""
"8602",荷8602,ﾆ860,0.0000,0.0000,0.0000,0.0000,0.0000,,,,,,"","","","",""
"8603",荷8603,ﾆ860,0.0000,0.0000,0.0000,0.0000,0.0000,,,,,,"","","","",""
"8604",荷8604,ﾆ860,0.0000,0.0000,0.0000,0.0000,0.0000,,,,,,"","","","",""
"8605",荷8605,ﾆ860,0.0000,0.0000,0.0000,0.0000,0.0000,,,,,,"","","","",""
"8606",荷8606,ﾆ860,0.0000,0.0000,0.0000,0.0000,0.0000,,,,,,"","","","",""
"8607",荷8607,ﾆ860,0.0000,0.0000,0.0000,0.0000,0.0000,,,,,,"","","","",""
"8650",荷8650,ﾆ865,0.0000,0.0000,0.0000,0.0000,0.0000,,,,,,"","","","",""
"8651",荷8651,ﾆ865,0.0000,0.0000,0.0000,0.0000,0.0000,,,,,,"","","","",""
"8652",荷8652,ﾆ865,0.0000,0.0000,0.0000,0.0000,0.0000,,,,,,"","","","",""
"8653",荷8653,ﾆ865,0.0000,0.0000,0.0000,0.0000,0.0000,,,,,,"","","","",""
"8700",荷8700,ﾆ870,0.0000,0.0000,0.0000,0.0000,0.0000,,,,,,"","","","",""
"8701",荷8701,ﾆ870,0.0000,0.0000,0.0000,0.0000,0.0000,,,,,,"","","","",""
"8702",荷8702,ﾆ870,0.0000,0.0000,0.0000,0.0000,0.0000,,,,,,"","","","",""
"8703",荷8703,ﾆ870,0.0000,0.0000,0.0000,0.0000,0.0000,,,,,,"","","","",""
"8704",荷8704,ﾆ870,0.0000,0.0000,0.0000,0.0000,0.0000,,,,,,"","","","",""
"8705",荷8705,ﾆ870,0.0000,0.0000,0.0000,0.0000,0.0000,,,,,,"","","","",""
"8706",荷8706,ﾆ870,0.0000,0.0000,0.0000,0.0000,0.0000,,,,,,"","","","",""
"8707",荷8707,ﾆ870,0.0000,0.0000,0.0000,0.0000,0.0000,,,,,,"","","","",""
"8708",荷8708,ﾆ870,0.0000,0.0000,0.0000,0.0000,0.0000,,,,,,"","","","",""
"8709",荷8709,ﾆ870,0.0000,0.0000,0.0000,0.0000,0.0000,,,,,,"","","","",""
"8710",荷8710,ﾆ871,0.0000,0.0000,0.0000,0.0000,0.0000,,,,,,"","","","",""
"8711",荷8711,ﾆ871,0.0000,0.0000,0.0000,0.0000,0.0000,,,,,,"","","","",""
"8712",荷8712,ﾆ871,0.0000,0.0000,0.0000,0.0000,0.0000,,,,,,"","","","",""
"8713",荷8713,ﾆ871,0.0000,0.0000,0.0000,0.0000,0.0000,,,,,,"","","","",""
"8714",荷8714,ﾆ871,0.0000,0.0000,0.0000,0.0000,0.0000,,,,,,"","","","",""
"8715",荷8715,ﾆ871,0.0000,0.0000,0.0000,0.0000,0.0000,,,,,,"","","","",""
"8716",荷8716,ﾆ871,0.0000,0.0000,0.0000,0.0000,0.0000,,,,,,"","","","",""
"8717",荷8717,ﾆ871,0.0000,0.0000,0.0000,0.0000,0.0000,,,,,,"","","","",""
"8718",荷8718,ﾆ871,0.0000,0.0000,0.0000,0.0000,0.0000,,,,,,"","","","",""
"8719",荷8719,ﾆ871,0.0000,0.0000,0.0000,0.0000,0.0000,,,,,,"","","","",""
"8720",荷8720,ﾆ872,0.0000,0.0000,0.0000,0.0000,0.0000,,,,,,"","","","",""
"8800",荷8800,ﾆ880,0.0000,0.0000,0.0000,0.0000,0.0000,,,,,,"","","","",""
"8801",荷8801,ﾆ880,0.0000,0.0000,0.0000,0.0000,0.0000,,,,,,"","","","",""
"8802",荷8802,ﾆ880,0.0000,0.0000,0.0000,0.0000,0.0000,,,,,,"","","","",""
"8803",荷8803,ﾆ880,0.0000,0.0000,0.0000,0.0000,0.0000,,,,,,"","","","",""
"8804",荷8804,ﾆ880,0.0000,0.0000,0.0000,0.0000,0.0000,,,,,,"","","","",""
"8805",荷8805,ﾆ880,0.0000,0.0000,0.0000,0.0000,0.0000,,,,,,"","","","",""
"8806",荷8806,ﾆ880,0.0000,0.0000,0.0000,0.0000,0.0000,,,,,,"","","","",""
"8807",荷8807,ﾆ880,0.0000,0.0000,0.0000,0.0000,0.0000,,,,,,"","","","",""
"8808",荷8808,ﾆ880,0.0000,0.0000,0.0000,0.0000,0.0000,,,,,,"","","","",""
"8809",荷8809,ﾆ880,0.0000,0.0000,0.0000,0.0000,0.0000,,,,,,"","","","",""
"8810",荷8810,ﾆ881,0.0000,0.0000,0.0000,0.0000,0.0000,,,,,,"","","","",""
"8811",荷8811,ﾆ881,0.0000,0.0000,0.0000,0.0000,0.0000,,,,,,"","","","",""
"8812",荷8812,ﾆ881,0.0000,0.0000,0.0000,0.0000,0.0000,,,,,,"","","","",""
"8813",荷8813,ﾆ881,0.0000,0.0000,0.0000,0.0000,0.0000,,,,,,"","","","",""
"8901",荷8901,ﾆ890,0.0000,0.0000,0.0000,0.0000,0.0000,,,,,,"","","","",""
"8902",荷8902,ﾆ890,0.0000,0.0000,0.0000,0.0000,0.0000,,,,,,"","","","",""
"8904",荷8904,ﾆ890,0.0000,0.0000,0.0000,0.0000,0.0000,,,,,,"","","","",""
"8905",荷8905,ﾆ890,0.0000,0.0000,0.0000,0.0000,0.0000,,,,,,"","","","",""
"8906",荷8906,ﾆ890,0.0000,0.0000,0.0000,0.0000,0.0000,,,,,,"","","","",""
"8907",荷8907,ﾆ890,0.0000,0.0000,0.0000,0.0000,0.0000,,,,,,"","","","",""
"8908",荷8908,ﾆ890,0.0000,0.0000,0.0000,0.0000,0.0000,,,,,,"","","","",""
"8909",荷8909,ﾆ890,0.0000,0.0000,0.0000,0.0000,0.0000,,,,,,"","","","",""
"8910",荷8910,ﾆ891,0.0000,0.0000,0.0000,0.0000,0.0000,,,,,,"","","","",""
"8911",荷8911,ﾆ891,0.0000,0.0000,0.0000,0.0000,0.0000,,,,,,"","","","",""
"8912",荷8912,ﾆ891,0.0000,0.0000,0.0000,0.0000,0.0000,,,,,,"","","","",""
"8913",荷8913,ﾆ891,0.0000,0.0000,0.0000,0.0000,0.0000,,,,,,"","","","",""
"8914",荷8914,ﾆ891,0.0000,0.0000,0.0000,0.0000,0.0000,,,,,,"","","","",""
"9001",荷9001,ﾆ900,0.0000,0.0000,0.0000,0.0000,0.0000,,,,,,"","","","",""
"9002",荷9002,ﾆ900,0.0000,0.0000,0.0000,0.0000,0.0000,,,,,,"","","","",""
"9003",荷9003,ﾆ900,0.0000,0.0000,0.0000,0.0000,0.0000,,,,,,"","","","",""
"9004",荷9004,ﾆ900,0.0000,0.0000,0.0000,0.0000,0.0000,,,,,,"","","","",""
"9005",荷9005,ﾆ900,0.0000,0.0000,0.0000,0.0000,0.0000,,,,,,"","","","",""
"9006",荷9006,ﾆ900,0.0000,0.0000,0.0000,0.0000,0.0000,,,,,,"","","","",""
"9007",荷9007,ﾆ900,0.0000,0.0000,0.0000,0.0000,0.0000,,,,,,"","","","",""
"9008",荷9008,ﾆ900,0.0000,0.0000,0.0000,0.0000,0.0000,,,,,,"","","","",""
"9009",荷9009,ﾆ900,0.0000,0.0000,0.0000,0.0000,0.0000,,,,,,"","","","",""
